index,hour,temperature,precipitation,windspeed,humidity,visibility,ozone,pm10,pm2.5,count
0,5,4.0,0.0,0.3,78.0,1521.0,0.021,28.0,28.0,8.0
1,22,20.2,0.0,2.8,54.0,2000.0,0.022000000000000002,28.0,21.0,195.0
2,11,24.4,0.0,1.9,41.0,1362.0,0.035,48.0,27.0,90.0
3,11,15.0,0.0,1.4,50.0,1517.0,0.03,48.0,24.0,86.0
4,2,13.6,0.0,1.7,80.0,1073.0,0.027000000000000003,34.0,15.0,39.0
5,10,22.3,0.0,1.4,54.0,990.0,0.016,35.0,23.0,90.0
6,0,18.8,0.0,2.5,51.0,1638.0,0.051,51.0,35.0,106.0
7,1,11.5,0.0,3.2,23.0,2000.0,,,,42.0
8,8,13.3,0.0,0.6,66.0,1144.0,0.006,41.0,28.0,217.0
9,1,10.9,0.0,2.1,71.0,1057.0,,,,38.0
10,20,16.1,0.0,4.3,24.0,2000.0,0.045,47.0,15.0,169.0
11,14,20.1,0.0,4.9,52.0,1331.0,0.063,53.0,28.0,130.0
12,10,8.7,0.0,0.6,61.0,1949.0,0.018000000000000002,21.0,20.0,61.0
13,15,21.9,0.0,5.4,21.0,1907.0,0.062,92.0,19.0,139.0
14,4,11.0,1.0,3.4,98.0,137.0,0.04,24.0,24.0,2.0
15,19,16.2,0.0,3.5,31.0,950.0,0.06,,,167.0
16,8,11.6,0.0,2.0,37.0,1143.0,0.01,64.0,51.0,35.0
17,11,20.3,0.0,2.4,69.0,670.0,0.054000000000000006,58.0,38.0,85.0
18,17,19.5,0.0,2.6,54.0,579.0,0.059000000000000004,66.0,51.0,195.0
19,9,11.4,0.0,0.7,59.0,1297.0,0.021,45.0,25.0,119.0
20,23,14.0,0.0,1.4,47.0,2000.0,0.046,45.0,23.0,114.0
21,0,9.9,0.0,1.4,86.0,620.0,0.01,40.0,,47.0
22,15,21.2,0.0,3.7,12.0,2000.0,0.047,23.0,12.0,133.0
23,1,12.6,0.0,2.4,48.0,1805.0,,,,43.0
24,18,20.7,0.0,3.1,56.0,1804.0,0.05,47.0,26.0,297.0
25,8,8.9,0.0,0.9,77.0,613.0,0.005,82.0,40.0,35.0
26,14,19.2,0.0,4.0,16.0,1935.0,0.048,24.0,13.0,149.0
27,4,17.8,0.0,1.8,91.0,328.0,0.013000000000000001,25.0,22.0,9.0
28,0,14.0,0.0,2.2,61.0,2000.0,0.036000000000000004,44.0,17.0,63.0
29,6,10.4,0.0,1.7,50.0,1976.0,0.024,94.0,27.0,30.0
30,9,16.4,0.0,1.0,62.0,503.0,0.07200000000000001,86.0,51.0,57.0
31,2,6.4,0.0,0.9,58.0,1039.0,0.031,72.0,56.0,3.0
32,19,10.8,1.0,3.9,92.0,250.0,0.032,34.0,28.0,1.0
33,8,8.6,0.0,2.0,89.0,223.0,0.01,74.0,64.0,34.0
34,4,10.1,0.0,1.6,73.0,937.0,0.04,50.0,22.0,12.0
35,7,8.6,0.0,1.0,85.0,490.0,0.004,75.0,38.0,24.0
36,21,21.3,0.0,0.8,47.0,715.0,0.092,100.0,56.0,229.0
37,8,12.9,0.0,2.1,86.0,443.0,0.013999999999999999,56.0,38.0,48.0
38,2,12.7,0.0,2.5,45.0,2000.0,0.037000000000000005,32.0,25.0,21.0
39,21,19.2,0.0,4.1,23.0,2000.0,0.051,38.0,20.0,166.0
40,9,9.7,0.0,3.0,99.0,165.0,0.023,25.0,22.0,52.0
41,9,15.0,1.0,1.4,94.0,361.0,0.018000000000000002,47.0,27.0,111.0
42,6,14.0,0.0,0.7,51.0,2000.0,0.013000000000000001,42.0,26.0,33.0
43,23,7.3,0.0,3.3,66.0,2000.0,0.040999999999999995,27.0,23.0,53.0
44,22,8.6,0.0,1.7,52.0,994.0,0.049,72.0,64.0,60.0
45,15,23.1,0.0,4.3,23.0,1798.0,0.064,54.0,29.0,266.0
46,20,23.6,0.0,4.0,60.0,1082.0,0.078,61.0,37.0,247.0
47,9,14.7,0.0,2.0,68.0,589.0,0.01,65.0,44.0,60.0
48,8,13.5,0.0,0.8,78.0,972.0,0.024,36.0,19.0,189.0
49,7,15.8,0.0,2.0,73.0,776.0,0.036000000000000004,30.0,23.0,109.0
50,3,10.7,1.0,3.3,56.0,1392.0,0.032,103.0,23.0,12.0
51,0,12.3,0.0,3.7,35.0,2000.0,0.037000000000000005,34.0,17.0,66.0
52,20,22.7,0.0,4.0,36.0,2000.0,0.055,29.0,19.0,238.0
53,15,27.4,0.0,1.7,23.0,1661.0,0.076,75.0,33.0,218.0
54,3,19.1,0.0,0.9,79.0,489.0,0.04,67.0,39.0,20.0
55,16,18.5,0.0,4.2,38.0,1546.0,0.051,80.0,23.0,138.0
56,11,20.1,0.0,2.6,49.0,1273.0,0.023,51.0,33.0,87.0
57,14,20.4,0.0,2.7,22.0,2000.0,0.049,45.0,19.0,235.0
58,12,13.1,0.0,3.1,48.0,1012.0,0.016,70.0,57.0,22.0
59,21,12.5,0.0,4.0,73.0,1264.0,0.051,57.0,27.0,91.0
60,12,18.6,0.0,3.2,56.0,1276.0,0.05,51.0,24.0,120.0
61,3,13.3,0.0,0.6,72.0,1879.0,0.006,36.0,19.0,22.0
62,10,17.2,0.0,0.8,56.0,648.0,0.018000000000000002,67.0,48.0,75.0
63,15,19.2,0.0,5.4,23.0,2000.0,0.049,42.0,13.0,121.0
64,21,22.1,0.0,2.6,56.0,2000.0,0.027999999999999997,30.0,21.0,222.0
65,3,13.2,0.0,2.5,25.0,950.0,0.040999999999999995,269.0,21.0,16.0
66,9,19.9,0.0,0.9,72.0,522.0,0.053,61.0,37.0,137.0
67,6,13.4,0.0,1.9,78.0,815.0,0.02,53.0,26.0,36.0
68,6,11.3,0.0,2.0,51.0,1577.0,0.039,93.0,25.0,27.0
69,6,15.1,0.0,0.3,88.0,415.0,0.05,60.0,34.0,14.0
70,11,23.4,0.0,2.3,34.0,1911.0,0.042,44.0,25.0,95.0
71,7,19.5,0.0,3.3,67.0,620.0,0.06,73.0,47.0,90.0
72,16,18.7,0.0,4.9,36.0,1036.0,0.048,197.0,22.0,74.0
73,20,21.5,0.0,1.0,33.0,2000.0,0.049,60.0,32.0,201.0
74,23,13.2,0.0,4.6,22.0,2000.0,0.038,68.0,17.0,71.0
75,7,7.0,0.0,1.0,57.0,835.0,0.004,79.0,69.0,71.0
76,10,12.7,0.0,0.9,52.0,1566.0,0.021,53.0,25.0,64.0
77,15,21.1,0.0,6.0,19.0,1957.0,0.07200000000000001,35.0,17.0,348.0
78,2,4.9,0.0,1.0,78.0,1947.0,0.026000000000000002,30.0,27.0,16.0
79,9,6.4,0.0,0.6,62.0,453.0,0.02,90.0,79.0,87.0
80,21,18.8,0.0,4.6,69.0,2000.0,0.039,32.0,20.0,189.0
81,22,17.2,0.0,2.6,55.0,1851.0,0.047,52.0,33.0,139.0
82,5,14.7,0.0,0.2,48.0,2000.0,0.023,28.0,20.0,19.0
83,4,11.5,0.0,2.4,64.0,1470.0,0.038,77.0,21.0,29.0
84,18,25.9,0.0,4.5,31.0,2000.0,0.079,54.0,29.0,366.0
85,6,10.4,0.0,3.6,12.0,2000.0,0.048,35.0,9.0,23.0
86,14,17.8,0.0,2.7,56.0,524.0,0.025,72.0,59.0,203.0
87,2,19.0,0.0,2.2,78.0,759.0,0.06,50.0,33.0,20.0
88,15,26.3,0.0,3.4,36.0,2000.0,0.057,24.0,17.0,123.0
89,19,14.6,0.0,3.0,76.0,1996.0,0.045,25.0,22.0,147.0
90,4,15.9,0.0,1.7,59.0,669.0,0.02,103.0,62.0,20.0
91,11,11.7,0.0,2.0,47.0,513.0,0.031,95.0,86.0,55.0
92,5,9.5,0.0,0.5,49.0,2000.0,0.027000000000000003,26.0,19.0,11.0
93,1,17.9,0.0,1.3,50.0,1812.0,,,,30.0
94,14,25.0,0.0,3.1,44.0,1989.0,0.053,27.0,17.0,161.0
95,20,17.1,0.0,2.4,61.0,2000.0,0.036000000000000004,23.0,11.0,210.0
96,11,18.4,0.0,0.9,57.0,1437.0,0.027000000000000003,39.0,21.0,78.0
97,3,5.7,0.0,0.8,74.0,2000.0,0.032,12.0,13.0,21.0
98,7,11.4,0.0,0.8,35.0,1100.0,0.022000000000000002,64.0,55.0,31.0
99,10,18.2,0.0,1.0,52.0,1126.0,0.01,51.0,28.0,96.0
100,19,17.8,0.0,3.6,53.0,746.0,0.04,83.0,47.0,204.0
101,18,17.4,0.0,4.1,30.0,2000.0,0.044000000000000004,56.0,23.0,303.0
102,4,16.0,0.0,0.1,52.0,1162.0,0.040999999999999995,68.0,41.0,15.0
103,18,22.1,0.0,3.0,41.0,1921.0,0.062,54.0,33.0,234.0
104,22,10.1,0.0,1.7,86.0,459.0,0.006,40.0,40.0,112.0
105,19,18.5,0.0,4.5,27.0,2000.0,0.061,48.0,20.0,191.0
106,9,12.2,0.0,1.9,42.0,1946.0,0.01,41.0,26.0,106.0
107,17,15.2,0.0,5.8,14.0,1956.0,0.044000000000000004,,,138.0
108,16,21.3,0.0,2.3,43.0,951.0,0.057,145.0,43.0,8.0
109,8,16.1,0.0,1.0,55.0,945.0,0.024,54.0,35.0,54.0
110,14,27.2,0.0,2.0,36.0,1299.0,0.040999999999999995,51.0,31.0,118.0
111,14,14.2,0.0,3.1,27.0,1564.0,0.053,49.0,46.0,186.0
112,23,13.9,0.0,3.3,43.0,2000.0,0.042,23.0,19.0,57.0
113,7,13.2,0.0,0.9,55.0,2000.0,0.040999999999999995,34.0,17.0,100.0
114,12,9.9,0.0,2.0,57.0,1933.0,0.03,19.0,,78.0
115,11,23.4,0.0,1.8,58.0,690.0,0.057,64.0,40.0,95.0
116,23,18.0,0.0,1.7,34.0,2000.0,0.043,27.0,18.0,186.0
117,6,14.4,0.0,1.5,52.0,2000.0,0.018000000000000002,30.0,21.0,19.0
118,21,21.5,0.0,2.9,44.0,1970.0,0.063,52.0,33.0,239.0
119,18,19.8,0.0,3.0,66.0,805.0,0.063,67.0,42.0,266.0
120,3,10.4,0.0,0.6,42.0,2000.0,0.033,30.0,21.0,8.0
121,16,19.2,0.0,3.5,54.0,2000.0,0.044000000000000004,32.0,16.0,137.0
122,14,27.2,0.0,4.7,26.0,1866.0,0.068,47.0,27.0,107.0
123,17,18.6,0.0,5.8,22.0,1935.0,0.062,62.0,16.0,148.0
124,10,22.5,0.0,1.4,48.0,1364.0,0.039,47.0,29.0,92.0
125,18,18.0,1.0,1.9,82.0,685.0,0.044000000000000004,99.0,42.0,15.0
126,9,19.5,0.0,1.2,57.0,906.0,0.016,31.0,19.0,124.0
127,21,15.0,0.0,2.7,30.0,2000.0,0.055999999999999994,33.0,21.0,109.0
128,23,16.5,0.0,3.3,39.0,2000.0,0.037000000000000005,29.0,14.0,122.0
129,2,10.9,0.0,0.8,79.0,1918.0,0.018000000000000002,31.0,23.0,28.0
130,6,12.7,0.0,3.9,41.0,2000.0,0.039,13.0,9.0,38.0
131,0,16.3,0.0,4.5,78.0,499.0,0.044000000000000004,84.0,30.0,71.0
132,5,6.8,0.0,1.1,81.0,1450.0,0.031,55.0,21.0,8.0
133,2,17.6,0.0,2.3,34.0,2000.0,0.055,46.0,20.0,43.0
134,1,15.1,0.0,1.3,35.0,2000.0,,,,40.0
135,10,15.4,0.0,3.1,19.0,1225.0,0.032,199.0,18.0,58.0
136,11,17.1,0.0,2.4,55.0,1982.0,0.035,55.0,12.0,98.0
137,4,10.2,0.0,4.2,14.0,2000.0,0.046,57.0,15.0,9.0
138,9,18.5,0.0,3.8,58.0,975.0,0.037000000000000005,35.0,27.0,133.0
139,15,25.6,0.0,2.1,30.0,1894.0,0.066,44.0,25.0,114.0
140,0,18.5,0.0,0.9,46.0,1848.0,0.008,69.0,44.0,69.0
141,8,6.3,0.0,1.9,76.0,1344.0,0.013000000000000001,61.0,24.0,192.0
142,22,12.8,0.0,2.7,69.0,935.0,0.039,69.0,31.0,123.0
143,10,13.8,0.0,0.3,54.0,889.0,0.013999999999999999,78.0,35.0,78.0
144,17,27.0,0.0,4.7,27.0,2000.0,0.065,,,185.0
145,1,20.0,0.0,2.1,73.0,729.0,,,,46.0
146,0,14.3,0.0,,49.0,2000.0,0.044000000000000004,37.0,20.0,58.0
147,23,12.1,0.0,1.0,76.0,1995.0,0.036000000000000004,25.0,23.0,78.0
148,15,27.0,0.0,3.9,43.0,1090.0,0.043,54.0,32.0,133.0
149,19,18.9,0.0,2.8,59.0,1806.0,0.042,49.0,26.0,218.0
150,12,13.8,0.0,2.8,42.0,516.0,0.031,104.0,89.0,82.0
151,14,20.0,0.0,1.9,44.0,930.0,0.034,124.0,39.0,156.0
152,13,26.1,0.0,3.7,29.0,1890.0,0.067,38.0,21.0,173.0
153,13,10.3,0.0,1.4,89.0,599.0,0.022000000000000002,27.0,26.0,55.0
154,19,25.0,0.0,3.7,24.0,2000.0,0.054000000000000006,41.0,23.0,252.0
155,2,12.9,0.0,1.9,71.0,2000.0,0.035,42.0,16.0,22.0
156,20,20.1,0.0,4.2,22.0,1988.0,0.057999999999999996,38.0,20.0,196.0
157,10,16.8,0.0,1.8,62.0,955.0,0.016,55.0,23.0,81.0
158,13,18.2,0.0,4.8,21.0,2000.0,0.046,,,104.0
159,8,13.7,0.0,3.3,40.0,2000.0,0.032,17.0,9.0,215.0
160,20,22.5,0.0,4.8,29.0,2000.0,0.053,37.0,22.0,200.0
161,18,18.1,0.0,4.1,61.0,2000.0,0.039,27.0,16.0,339.0
162,23,19.4,0.0,0.3,42.0,1368.0,0.07,53.0,31.0,120.0
163,2,16.0,0.0,2.8,55.0,864.0,0.083,87.0,50.0,34.0
164,1,11.7,0.0,3.1,38.0,2000.0,,,,51.0
165,7,17.8,0.0,1.2,58.0,2000.0,0.012,30.0,22.0,108.0
166,1,9.9,0.0,1.6,62.0,1755.0,,,,41.0
167,2,10.3,0.0,0.3,76.0,798.0,0.004,83.0,38.0,32.0
168,15,12.3,1.0,2.5,89.0,1631.0,0.04,30.0,18.0,23.0
169,11,9.6,0.0,3.3,99.0,269.0,0.024,22.0,,37.0
170,21,16.0,0.0,6.0,21.0,1961.0,0.05,90.0,28.0,146.0
171,4,10.7,0.0,2.2,45.0,1783.0,0.027000000000000003,102.0,25.0,13.0
172,9,12.0,0.0,3.6,55.0,1999.0,0.016,44.0,29.0,107.0
173,6,8.9,0.0,1.4,53.0,2000.0,0.028999999999999998,28.0,19.0,36.0
174,20,11.3,0.0,3.6,16.0,2000.0,0.040999999999999995,65.0,15.0,84.0
175,1,13.3,0.0,0.8,29.0,1226.0,,,,34.0
176,20,18.5,0.0,5.3,21.0,2000.0,0.049,47.0,16.0,130.0
177,8,10.7,0.0,1.2,92.0,186.0,0.021,66.0,55.0,36.0
178,8,19.0,0.0,1.4,75.0,537.0,0.049,55.0,33.0,222.0
179,20,19.3,0.0,2.4,36.0,935.0,0.046,176.0,39.0,123.0
180,8,16.3,0.0,1.9,49.0,2000.0,0.027000000000000003,28.0,19.0,37.0
181,12,16.2,0.0,2.9,57.0,946.0,0.027000000000000003,,,108.0
182,10,19.1,0.0,2.4,69.0,682.0,0.039,56.0,33.0,89.0
183,16,21.1,0.0,5.6,21.0,1939.0,0.075,37.0,21.0,382.0
184,16,26.1,0.0,3.4,27.0,2000.0,0.057,30.0,20.0,274.0
185,5,7.4,0.0,1.8,57.0,813.0,0.004,78.0,71.0,12.0
186,12,14.7,0.0,2.3,65.0,399.0,0.017,69.0,59.0,101.0
187,13,14.0,1.0,2.8,42.0,1518.0,0.03,49.0,37.0,5.0
188,21,22.0,0.0,3.9,66.0,984.0,0.076,64.0,39.0,237.0
189,19,22.5,0.0,4.1,54.0,2000.0,0.044000000000000004,34.0,22.0,228.0
190,17,29.8,0.0,3.9,12.0,2000.0,0.057999999999999996,40.0,11.0,215.0
191,17,15.5,0.0,3.8,26.0,1372.0,0.068,50.0,42.0,199.0
192,15,12.0,0.0,1.9,76.0,1216.0,0.034,23.0,,63.0
193,18,25.2,0.0,4.9,25.0,2000.0,0.064,,,332.0
194,1,13.1,0.0,2.5,46.0,2000.0,,,,17.0
195,21,17.0,0.0,2.4,27.0,2000.0,0.045,44.0,17.0,127.0
196,21,18.8,0.0,0.6,14.0,2000.0,0.027999999999999997,21.0,13.0,194.0
197,23,18.2,0.0,1.3,70.0,738.0,0.036000000000000004,58.0,34.0,141.0
198,11,24.0,0.0,2.2,42.0,1966.0,0.038,44.0,26.0,121.0
199,5,11.2,0.0,2.7,38.0,2000.0,0.043,31.0,27.0,8.0
200,16,25.5,0.0,4.3,36.0,1849.0,0.08,48.0,27.0,143.0
201,11,16.9,0.0,1.8,35.0,1283.0,0.05,61.0,32.0,113.0
202,7,14.8,0.0,1.3,87.0,397.0,0.055,51.0,34.0,26.0
203,4,16.1,0.0,0.6,45.0,1968.0,0.036000000000000004,47.0,26.0,13.0
204,13,18.2,0.0,2.7,39.0,1678.0,0.039,55.0,21.0,138.0
205,4,14.9,0.0,0.4,46.0,2000.0,0.027999999999999997,22.0,16.0,24.0
206,1,19.3,0.0,1.9,78.0,715.0,,,,39.0
207,12,25.7,0.0,1.6,44.0,1144.0,0.02,49.0,30.0,119.0
208,13,22.3,0.0,3.7,49.0,1819.0,0.057,38.0,22.0,118.0
209,13,15.5,0.0,1.3,33.0,1716.0,0.018000000000000002,82.0,28.0,80.0
210,4,13.1,0.0,0.4,73.0,1480.0,0.005,33.0,19.0,13.0
211,18,20.8,0.0,3.9,48.0,1966.0,0.045,41.0,21.0,327.0
212,16,20.0,0.0,4.9,24.0,1976.0,0.071,46.0,19.0,162.0
213,20,11.4,0.0,2.5,85.0,716.0,0.033,38.0,26.0,102.0
214,4,11.9,0.0,2.8,85.0,742.0,0.045,57.0,22.0,27.0
215,5,11.1,0.0,0.9,38.0,1718.0,0.064,63.0,38.0,9.0
216,21,15.7,0.0,3.2,52.0,2000.0,0.049,49.0,16.0,126.0
217,8,12.5,0.0,1.6,48.0,1521.0,0.033,102.0,30.0,171.0
218,1,12.1,0.0,1.8,34.0,2000.0,,,,23.0
219,13,25.3,0.0,2.4,31.0,1893.0,0.034,59.0,32.0,137.0
220,17,21.7,0.0,3.0,35.0,2000.0,,32.0,19.0,213.0
221,18,17.4,0.0,4.8,44.0,1342.0,0.065,74.0,36.0,215.0
222,21,19.4,0.0,3.4,40.0,2000.0,0.04,33.0,17.0,199.0
223,12,24.5,0.0,3.1,34.0,1839.0,0.044000000000000004,43.0,24.0,150.0
224,9,11.9,0.0,0.8,45.0,965.0,0.005,69.0,58.0,59.0
225,7,10.7,0.0,1.3,93.0,177.0,0.015,71.0,58.0,6.0
226,17,19.6,0.0,5.0,22.0,2000.0,0.047,41.0,16.0,181.0
227,6,17.4,0.0,1.1,69.0,1698.0,0.009000000000000001,35.0,23.0,31.0
228,19,13.3,0.0,2.0,71.0,1403.0,0.055,48.0,24.0,107.0
229,19,16.6,0.0,5.0,25.0,2000.0,0.048,54.0,18.0,199.0
230,18,22.0,0.0,3.3,11.0,2000.0,0.053,17.0,13.0,336.0
231,11,13.3,0.0,1.6,40.0,1569.0,0.018000000000000002,74.0,32.0,84.0
232,8,17.0,0.0,1.2,65.0,986.0,0.021,32.0,22.0,212.0
233,15,23.3,0.0,3.6,45.0,680.0,0.07400000000000001,220.0,51.0,108.0
234,7,10.4,0.0,2.5,44.0,2000.0,0.039,34.0,26.0,81.0
235,18,19.7,0.0,5.7,35.0,2000.0,0.052000000000000005,54.0,17.0,280.0
236,2,18.2,0.0,2.1,64.0,2000.0,0.003,33.0,23.0,40.0
237,3,11.3,0.0,2.0,78.0,548.0,0.008,67.0,58.0,17.0
238,16,27.2,0.0,4.3,31.0,1281.0,0.08800000000000001,,,246.0
239,19,24.8,0.0,2.9,32.0,1937.0,0.075,52.0,32.0,244.0
240,6,15.5,0.0,0.4,66.0,465.0,0.013000000000000001,119.0,75.0,28.0
241,10,20.7,0.0,4.1,43.0,1480.0,0.044000000000000004,32.0,21.0,109.0
242,12,19.1,0.0,1.7,59.0,842.0,0.016,68.0,26.0,115.0
243,17,23.5,0.0,2.8,38.0,1893.0,0.067,56.0,30.0,257.0
244,1,18.0,0.0,1.4,47.0,2000.0,,,,77.0
245,22,12.8,0.0,1.3,72.0,2000.0,0.033,31.0,24.0,133.0
246,23,13.4,0.0,2.1,31.0,2000.0,0.043,26.0,16.0,88.0
247,10,11.9,1.0,2.4,54.0,935.0,0.005,73.0,61.0,30.0
248,11,14.5,0.0,2.7,41.0,1995.0,0.031,29.0,17.0,78.0
249,19,27.2,0.0,2.6,44.0,1566.0,0.084,59.0,38.0,335.0
250,10,13.5,0.0,3.5,71.0,838.0,0.022000000000000002,48.0,35.0,82.0
251,17,25.0,0.0,4.9,37.0,1368.0,0.07,63.0,33.0,229.0
252,1,8.8,0.0,3.6,62.0,1997.0,,,,45.0
253,9,10.1,0.0,0.4,60.0,1421.0,0.013000000000000001,52.0,24.0,107.0
254,16,27.7,0.0,2.3,39.0,888.0,0.061,63.0,38.0,142.0
255,7,10.5,0.0,2.9,99.0,107.0,0.028999999999999998,29.0,26.0,15.0
256,0,15.6,0.0,2.3,62.0,1433.0,0.023,56.0,36.0,93.0
257,3,15.4,0.0,1.6,77.0,1104.0,0.036000000000000004,23.0,18.0,14.0
258,17,19.6,0.0,4.0,37.0,2000.0,0.054000000000000006,22.0,20.0,247.0
259,1,11.6,0.0,0.6,52.0,1853.0,,,,39.0
260,14,21.4,0.0,5.7,23.0,1825.0,0.057999999999999996,102.0,18.0,136.0
261,14,12.9,0.0,2.8,39.0,2000.0,0.046,19.0,,164.0
262,10,20.0,0.0,1.0,32.0,1777.0,0.015,58.0,31.0,95.0
263,15,29.6,0.0,2.5,22.0,859.0,0.099,74.0,38.0,227.0
264,1,14.1,0.0,,55.0,1992.0,,,,38.0
265,8,9.5,0.0,1.5,72.0,955.0,0.02,47.0,22.0,214.0
266,5,18.8,0.0,1.4,74.0,618.0,0.055,61.0,37.0,18.0
267,16,29.6,0.0,3.6,14.0,2000.0,0.061,49.0,28.0,164.0
268,5,11.9,0.0,0.6,41.0,879.0,0.032,66.0,60.0,10.0
269,4,10.5,0.0,1.2,74.0,739.0,0.03,70.0,32.0,9.0
270,10,11.5,0.0,2.7,75.0,657.0,0.011000000000000001,37.0,,66.0
271,14,17.2,0.0,2.1,32.0,1571.0,0.025,64.0,19.0,83.0
272,6,15.4,0.0,0.7,69.0,857.0,0.040999999999999995,46.0,32.0,23.0
273,12,25.0,0.0,3.1,31.0,1840.0,0.047,48.0,26.0,136.0
274,3,7.9,0.0,1.7,73.0,1827.0,0.034,52.0,21.0,14.0
275,8,11.4,0.0,2.1,82.0,440.0,0.027000000000000003,74.0,42.0,43.0
276,13,24.0,0.0,3.5,49.0,1986.0,0.051,42.0,29.0,119.0
277,7,16.0,0.0,0.6,75.0,1159.0,0.032,27.0,18.0,117.0
278,1,15.1,0.0,1.6,79.0,338.0,,,,46.0
279,9,20.8,0.0,2.2,58.0,1095.0,0.039,53.0,30.0,132.0
280,20,16.9,0.0,3.4,63.0,1966.0,0.040999999999999995,46.0,22.0,185.0
281,10,19.4,0.0,3.6,37.0,1462.0,0.04,81.0,38.0,83.0
282,15,20.2,0.0,3.8,75.0,547.0,0.039,65.0,43.0,105.0
283,4,14.6,0.0,0.6,49.0,2000.0,0.013999999999999999,41.0,27.0,19.0
284,9,12.4,0.0,1.6,77.0,550.0,0.028999999999999998,73.0,41.0,74.0
285,3,16.3,0.0,2.4,59.0,792.0,0.018000000000000002,111.0,65.0,25.0
286,13,19.0,0.0,3.2,49.0,2000.0,0.04,55.0,17.0,122.0
287,1,11.3,1.0,4.3,88.0,295.0,,,,24.0
288,16,22.3,0.0,3.6,11.0,2000.0,0.05,17.0,13.0,149.0
289,19,15.3,0.0,3.3,40.0,2000.0,0.045,59.0,26.0,188.0
290,7,10.9,0.0,2.0,61.0,973.0,0.027999999999999997,61.0,38.0,85.0
291,5,13.7,0.0,1.0,48.0,2000.0,0.049,30.0,18.0,11.0
292,15,19.7,0.0,4.5,31.0,1795.0,0.065,64.0,39.0,138.0
293,13,26.2,0.0,2.6,38.0,1610.0,0.025,41.0,26.0,91.0
294,18,12.1,0.0,0.9,46.0,2000.0,0.049,24.0,22.0,137.0
295,19,15.2,0.0,3.7,70.0,588.0,0.031,65.0,51.0,124.0
296,22,11.0,1.0,2.9,95.0,177.0,0.027999999999999997,29.0,29.0,2.0
297,23,19.6,0.0,1.2,59.0,2000.0,0.019,28.0,22.0,131.0
298,15,12.7,1.0,4.8,88.0,293.0,0.044000000000000004,,,8.0
299,7,6.4,0.0,0.7,83.0,1147.0,0.018000000000000002,55.0,21.0,82.0
300,3,16.1,0.0,2.9,83.0,400.0,0.051,60.0,35.0,46.0
301,0,15.3,0.0,1.2,87.0,391.0,0.015,75.0,35.0,91.0
302,21,18.6,0.0,2.3,35.0,987.0,0.031,178.0,37.0,139.0
303,10,12.1,0.0,1.5,47.0,1842.0,0.009000000000000001,90.0,25.0,60.0
304,6,9.5,0.0,0.8,73.0,673.0,0.035,65.0,38.0,15.0
305,16,29.0,0.0,4.1,41.0,1207.0,0.106,72.0,49.0,126.0
306,0,19.2,0.0,1.6,62.0,1976.0,0.033,35.0,29.0,75.0
307,13,19.0,0.0,1.9,28.0,697.0,0.045,87.0,78.0,88.0
308,17,19.9,1.0,0.9,56.0,1082.0,0.06,109.0,37.0,4.0
309,11,12.3,0.0,4.5,13.0,2000.0,0.036000000000000004,48.0,13.0,82.0
310,8,12.6,0.0,5.3,53.0,1576.0,0.013999999999999999,52.0,40.0,209.0
311,2,14.2,0.0,4.9,33.0,660.0,0.040999999999999995,252.0,31.0,26.0
312,4,11.7,0.0,2.2,38.0,1645.0,0.065,70.0,43.0,15.0
313,21,12.8,0.0,2.8,34.0,1045.0,0.046,77.0,66.0,149.0
314,22,17.6,0.0,2.4,36.0,2000.0,0.038,32.0,12.0,176.0
315,8,17.4,0.0,0.8,80.0,758.0,0.013999999999999999,25.0,20.0,236.0
316,23,15.4,0.0,2.2,33.0,2000.0,0.034,49.0,19.0,85.0
317,16,23.4,0.0,3.6,39.0,1670.0,0.07400000000000001,59.0,40.0,291.0
318,15,20.0,0.0,4.9,35.0,2000.0,0.052000000000000005,68.0,13.0,311.0
319,9,17.1,0.0,3.4,76.0,451.0,0.03,65.0,39.0,74.0
320,5,12.4,0.0,1.3,64.0,2000.0,0.039,37.0,14.0,15.0
321,0,16.8,0.0,0.6,62.0,2000.0,0.028999999999999998,35.0,19.0,94.0
322,21,14.7,0.0,2.9,46.0,1754.0,0.051,88.0,19.0,88.0
323,3,16.8,0.0,1.6,40.0,1994.0,0.046,48.0,25.0,30.0
324,22,14.9,0.0,2.5,66.0,1975.0,0.039,45.0,19.0,201.0
325,11,23.5,0.0,3.0,33.0,1801.0,0.03,50.0,32.0,108.0
326,7,17.9,0.0,1.6,67.0,1420.0,0.028999999999999998,53.0,29.0,26.0
327,12,24.0,0.0,1.5,34.0,838.0,0.037000000000000005,96.0,47.0,94.0
328,23,15.2,0.0,1.4,58.0,2000.0,0.040999999999999995,31.0,16.0,122.0
329,12,23.1,0.0,1.5,34.0,1352.0,0.052000000000000005,78.0,41.0,134.0
330,8,18.0,0.0,0.3,61.0,1373.0,0.021,52.0,28.0,57.0
331,13,14.3,0.0,4.5,14.0,2000.0,0.044000000000000004,61.0,14.0,88.0
332,1,12.4,0.0,3.5,84.0,911.0,,,,57.0
333,14,20.9,0.0,5.3,29.0,1599.0,0.055,58.0,23.0,140.0
334,8,10.3,0.0,4.3,43.0,2000.0,0.032,34.0,26.0,195.0
335,3,10.3,0.0,2.4,20.0,2000.0,0.043,64.0,19.0,16.0
336,8,10.6,0.0,0.7,22.0,974.0,0.026000000000000002,214.0,21.0,34.0
337,21,19.9,0.0,2.0,33.0,2000.0,0.049,36.0,22.0,215.0
338,21,13.9,0.0,2.8,66.0,1064.0,0.04,70.0,31.0,127.0
339,8,14.2,0.0,2.1,75.0,768.0,0.013000000000000001,51.0,25.0,226.0
340,23,19.5,0.0,2.7,47.0,1753.0,0.04,53.0,35.0,134.0
341,22,13.9,0.0,1.8,25.0,2000.0,0.035,41.0,18.0,157.0
342,13,20.2,0.0,3.6,32.0,2000.0,0.043,20.0,12.0,107.0
343,16,19.0,0.0,3.0,22.0,1990.0,0.05,55.0,22.0,118.0
344,22,20.2,0.0,2.8,33.0,1945.0,0.079,68.0,36.0,206.0
345,20,16.5,0.0,3.4,29.0,2000.0,0.061,41.0,25.0,135.0
346,20,19.7,0.0,4.3,60.0,1991.0,0.042,35.0,24.0,244.0
347,1,17.7,0.0,1.1,53.0,2000.0,,,,98.0
348,18,18.9,0.0,4.4,22.0,2000.0,0.046,41.0,18.0,318.0
349,2,17.2,0.0,0.4,44.0,1048.0,0.022000000000000002,162.0,39.0,38.0
350,2,17.4,0.0,1.3,44.0,1319.0,0.023,68.0,41.0,39.0
351,16,29.4,0.0,2.2,24.0,1703.0,0.062,43.0,28.0,130.0
352,1,7.1,0.0,1.8,56.0,956.0,,,,13.0
353,15,21.3,0.0,2.2,44.0,1867.0,0.052000000000000005,41.0,24.0,165.0
354,17,26.6,0.0,3.1,33.0,783.0,0.077,115.0,55.0,172.0
355,21,9.5,0.0,2.2,46.0,1139.0,0.055999999999999994,70.0,61.0,73.0
356,18,29.5,0.0,4.8,7.0,2000.0,0.057,27.0,11.0,431.0
357,23,15.4,0.0,1.4,87.0,423.0,0.019,85.0,35.0,87.0
358,13,19.4,0.0,4.9,55.0,1449.0,0.055,53.0,28.0,108.0
359,9,19.8,0.0,0.6,57.0,1721.0,0.008,40.0,29.0,138.0
360,6,11.0,0.0,1.3,25.0,1056.0,0.040999999999999995,213.0,21.0,12.0
361,10,7.7,0.0,0.5,65.0,990.0,0.011000000000000001,35.0,,55.0
362,2,17.9,1.0,0.1,91.0,383.0,0.004,29.0,26.0,22.0
363,6,3.3,0.0,1.2,83.0,1219.0,0.016,33.0,30.0,7.0
364,3,13.3,0.0,2.5,43.0,2000.0,0.037000000000000005,19.0,9.0,23.0
365,7,10.9,0.0,0.8,77.0,1092.0,0.035,79.0,17.0,18.0
366,19,20.2,0.0,3.0,40.0,928.0,0.057999999999999996,180.0,40.0,187.0
367,21,20.4,0.0,0.1,39.0,2000.0,0.042,60.0,32.0,170.0
368,1,16.1,0.0,1.5,68.0,1866.0,,,,67.0
369,7,3.1,0.0,0.4,83.0,839.0,0.005,34.0,31.0,14.0
370,5,14.3,0.0,1.0,79.0,1593.0,0.035,30.0,18.0,16.0
371,5,9.9,0.0,0.5,85.0,1082.0,0.018000000000000002,34.0,26.0,12.0
372,17,27.6,0.0,3.5,39.0,1963.0,0.052000000000000005,27.0,17.0,222.0
373,9,14.6,0.0,4.8,38.0,2000.0,0.028999999999999998,19.0,11.0,149.0
374,9,19.3,0.0,1.8,72.0,795.0,0.017,26.0,17.0,135.0
375,13,15.7,0.0,3.3,37.0,526.0,0.047,105.0,90.0,75.0
376,4,10.4,0.0,0.2,83.0,1235.0,0.027000000000000003,35.0,24.0,13.0
377,0,15.4,0.0,2.4,41.0,2000.0,0.035,26.0,11.0,80.0
378,1,14.1,0.0,2.0,41.0,2000.0,,,,29.0
379,11,23.3,0.0,1.2,53.0,1650.0,0.021,29.0,16.0,119.0
380,7,4.4,0.0,0.6,71.0,633.0,0.033,76.0,71.0,76.0
381,8,4.5,0.0,0.1,73.0,510.0,0.023,84.0,81.0,146.0
382,21,20.1,0.0,1.2,42.0,1716.0,0.049,70.0,31.0,187.0
383,15,28.4,0.0,5.1,43.0,990.0,0.099,77.0,49.0,97.0
384,4,4.2,0.0,1.1,77.0,1258.0,0.024,24.0,,16.0
385,14,18.8,0.0,3.8,23.0,2000.0,0.047,40.0,14.0,113.0
386,21,15.5,0.0,3.2,64.0,1994.0,0.039,40.0,19.0,194.0
387,14,28.4,0.0,1.9,20.0,1346.0,0.08199999999999999,78.0,38.0,179.0
388,4,5.7,0.0,0.6,77.0,1960.0,0.027999999999999997,14.0,18.0,6.0
389,4,12.3,0.0,0.7,49.0,1506.0,0.059000000000000004,103.0,28.0,7.0
390,23,21.3,0.0,2.3,68.0,900.0,0.055999999999999994,65.0,38.0,140.0
391,12,18.4,0.0,2.9,51.0,1870.0,0.037000000000000005,56.0,14.0,122.0
392,18,19.4,0.0,4.5,37.0,1789.0,0.057999999999999996,54.0,31.0,305.0
393,19,15.9,0.0,3.5,47.0,1626.0,0.043,79.0,25.0,205.0
394,11,9.3,0.0,2.3,60.0,1966.0,0.013999999999999999,32.0,30.0,98.0
395,23,16.6,0.0,0.4,26.0,2000.0,0.004,60.0,32.0,105.0
396,10,15.8,0.0,5.0,55.0,1903.0,0.042,48.0,15.0,84.0
397,0,13.6,0.0,1.5,29.0,1154.0,0.055,76.0,66.0,47.0
398,16,15.8,0.0,5.3,17.0,1923.0,0.047,,,102.0
399,22,18.5,0.0,2.9,48.0,2000.0,0.028999999999999998,26.0,18.0,206.0
400,18,,,,,,,,,1.0
401,14,23.2,0.0,6.0,42.0,1809.0,0.06,44.0,24.0,107.0
402,4,13.4,0.0,1.4,79.0,815.0,0.027000000000000003,47.0,22.0,9.0
403,22,12.3,0.0,3.3,57.0,1580.0,0.05,53.0,22.0,118.0
404,11,20.3,0.0,2.6,56.0,576.0,,,,95.0
405,7,10.0,0.0,0.5,51.0,1948.0,0.027999999999999997,84.0,25.0,72.0
406,12,17.3,0.0,7.7,37.0,1999.0,0.051,60.0,12.0,21.0
407,23,18.0,0.0,1.4,36.0,1051.0,0.031,166.0,36.0,131.0
408,7,9.6,0.0,0.9,73.0,827.0,0.021,59.0,30.0,16.0
409,21,20.8,0.0,3.1,35.0,2000.0,0.053,38.0,26.0,198.0
410,12,21.9,0.0,2.6,41.0,1618.0,0.04,46.0,25.0,113.0
411,21,10.5,0.0,2.6,17.0,2000.0,0.038,58.0,15.0,122.0
412,4,15.3,0.0,0.4,78.0,1196.0,0.035,22.0,18.0,2.0
413,16,13.2,1.0,3.3,87.0,1342.0,0.044000000000000004,24.0,17.0,52.0
414,20,16.3,1.0,1.5,89.0,576.0,0.027000000000000003,76.0,33.0,49.0
415,11,17.6,0.0,2.3,30.0,1064.0,0.032,43.0,20.0,88.0
416,20,16.4,0.0,4.2,33.0,2000.0,0.052000000000000005,53.0,24.0,155.0
417,9,15.1,0.0,2.2,71.0,791.0,0.016,53.0,24.0,104.0
418,14,24.6,0.0,2.6,32.0,1867.0,0.052000000000000005,47.0,27.0,101.0
419,23,19.2,0.0,1.9,46.0,1877.0,0.006,64.0,38.0,101.0
420,17,16.3,1.0,5.9,88.0,492.0,0.059000000000000004,38.0,22.0,92.0
421,22,18.8,0.0,3.0,32.0,2000.0,0.044000000000000004,28.0,17.0,224.0
422,11,17.8,0.0,0.9,39.0,1628.0,0.006,77.0,40.0,10.0
423,1,13.8,0.0,1.6,78.0,1351.0,,,,36.0
424,18,19.5,0.0,3.7,23.0,1245.0,0.069,77.0,63.0,216.0
425,0,10.5,0.0,3.4,59.0,1990.0,0.044000000000000004,46.0,23.0,58.0
426,4,7.5,0.0,0.4,79.0,1636.0,0.032,56.0,21.0,6.0
427,19,21.7,0.0,2.2,12.0,2000.0,0.052000000000000005,17.0,10.0,214.0
428,0,14.5,0.0,2.2,67.0,1661.0,0.033,47.0,18.0,62.0
429,3,17.4,0.0,1.0,52.0,2000.0,0.028999999999999998,38.0,27.0,31.0
430,14,22.0,0.0,5.5,57.0,1105.0,0.054000000000000006,44.0,24.0,41.0
431,2,11.4,0.0,1.6,83.0,610.0,0.048,57.0,32.0,37.0
432,14,26.4,0.0,3.5,32.0,1911.0,0.067,29.0,18.0,229.0
433,22,16.2,0.0,3.5,29.0,2000.0,0.044000000000000004,46.0,14.0,117.0
434,13,18.3,0.0,4.4,46.0,1996.0,0.053,14.0,15.0,184.0
435,1,15.0,0.0,1.5,65.0,1167.0,,,,70.0
436,3,10.5,0.0,2.4,73.0,990.0,0.042,46.0,25.0,26.0
437,14,16.5,0.0,3.8,20.0,2000.0,0.037000000000000005,52.0,25.0,113.0
438,12,17.0,0.0,4.2,24.0,1987.0,0.036000000000000004,,,146.0
439,7,8.9,0.0,0.2,75.0,642.0,0.033,66.0,36.0,19.0
440,6,11.1,0.0,1.7,75.0,1105.0,0.035,78.0,20.0,14.0
441,2,10.7,0.0,2.4,72.0,990.0,0.042,52.0,25.0,30.0
442,11,14.7,0.0,3.6,76.0,447.0,0.017,84.0,70.0,86.0
443,18,25.4,0.0,3.4,33.0,2000.0,0.06,40.0,21.0,369.0
444,14,26.8,0.0,2.7,30.0,1835.0,0.078,40.0,24.0,180.0
445,1,9.9,0.0,1.3,85.0,522.0,,,,35.0
446,14,20.4,0.0,2.0,25.0,755.0,0.063,91.0,81.0,105.0
447,7,13.7,0.0,2.5,77.0,772.0,0.023,47.0,26.0,78.0
448,4,16.6,0.0,2.8,48.0,1070.0,0.013000000000000001,151.0,39.0,16.0
449,9,15.6,0.0,0.8,58.0,963.0,0.01,51.0,30.0,140.0
450,2,14.0,0.0,,52.0,2000.0,0.044000000000000004,37.0,20.0,20.0
451,18,20.9,0.0,4.2,51.0,686.0,0.031,59.0,50.0,275.0
452,16,26.2,0.0,3.9,33.0,2000.0,0.063,36.0,23.0,254.0
453,8,16.5,0.0,0.6,62.0,1600.0,0.022000000000000002,37.0,28.0,51.0
454,2,15.1,0.0,0.6,47.0,2000.0,0.006,38.0,24.0,41.0
455,5,15.0,1.0,1.2,88.0,203.0,0.026000000000000002,35.0,24.0,3.0
456,5,10.2,0.0,0.7,75.0,726.0,0.03,68.0,31.0,12.0
457,8,14.7,0.0,1.6,70.0,1577.0,0.026000000000000002,28.0,16.0,56.0
458,15,21.3,0.0,1.3,36.0,1368.0,0.040999999999999995,30.0,27.0,146.0
459,20,27.7,0.0,2.9,9.0,2000.0,0.049,20.0,11.0,271.0
460,14,18.9,0.0,5.0,34.0,1602.0,0.06,60.0,35.0,112.0
461,6,7.9,0.0,0.3,75.0,1472.0,0.036000000000000004,43.0,17.0,21.0
462,17,23.0,0.0,2.2,11.0,2000.0,0.052000000000000005,19.0,14.0,214.0
463,10,17.3,0.0,1.0,41.0,1757.0,0.006999999999999999,70.0,40.0,13.0
464,14,24.4,0.0,3.4,31.0,1972.0,0.061,36.0,22.0,217.0
465,20,23.2,0.0,2.5,55.0,692.0,0.059000000000000004,84.0,48.0,199.0
466,10,15.4,0.0,2.7,62.0,1362.0,0.039,99.0,21.0,42.0
467,10,11.1,0.0,3.9,18.0,1963.0,0.027000000000000003,55.0,12.0,77.0
468,6,9.2,0.0,2.2,77.0,848.0,0.03,46.0,25.0,43.0
469,23,10.9,0.0,1.6,45.0,908.0,0.036000000000000004,80.0,73.0,62.0
470,13,15.8,0.0,6.3,27.0,2000.0,0.044000000000000004,,,106.0
471,2,13.0,0.0,0.5,48.0,1992.0,0.043,73.0,26.0,29.0
472,8,10.1,0.0,1.6,54.0,1967.0,0.031,81.0,22.0,159.0
473,10,19.1,0.0,2.0,54.0,1873.0,0.032,29.0,18.0,101.0
474,6,16.0,0.0,1.3,56.0,1675.0,0.005,65.0,50.0,37.0
475,6,8.7,0.0,0.7,85.0,490.0,0.006,76.0,36.0,13.0
476,5,15.5,0.0,0.7,86.0,371.0,0.047,61.0,37.0,15.0
477,4,17.0,0.0,1.7,72.0,1983.0,0.006999999999999999,34.0,23.0,15.0
478,18,21.1,0.0,3.3,42.0,832.0,0.064,192.0,,236.0
479,12,16.6,0.0,1.9,44.0,1579.0,0.034,48.0,21.0,105.0
480,12,20.7,0.0,2.7,70.0,625.0,0.053,68.0,39.0,93.0
481,20,17.3,0.0,3.8,47.0,2000.0,0.052000000000000005,47.0,16.0,155.0
482,9,9.8,0.0,3.3,58.0,1263.0,0.01,107.0,21.0,124.0
483,4,15.6,0.0,2.1,65.0,636.0,0.081,83.0,48.0,27.0
484,3,18.1,0.0,1.5,64.0,2000.0,0.013000000000000001,31.0,22.0,15.0
485,4,12.9,0.0,2.4,44.0,2000.0,0.039,17.0,10.0,19.0
486,19,23.3,0.0,3.5,40.0,1942.0,0.040999999999999995,55.0,29.0,227.0
487,12,19.7,0.0,2.4,41.0,732.0,0.022000000000000002,75.0,38.0,121.0
488,23,11.7,0.0,1.9,67.0,1111.0,0.024,75.0,32.0,96.0
489,19,10.6,0.0,0.8,84.0,1091.0,0.033,23.0,22.0,114.0
490,3,17.8,0.0,0.8,91.0,330.0,0.005,31.0,23.0,29.0
491,8,15.0,0.0,1.1,50.0,1465.0,0.006,54.0,29.0,46.0
492,19,27.2,0.0,4.1,44.0,2000.0,0.067,47.0,32.0,331.0
493,15,26.3,0.0,4.3,39.0,1925.0,0.062,37.0,23.0,272.0
494,0,13.5,0.0,3.8,46.0,2000.0,0.042,26.0,20.0,48.0
495,22,14.0,0.0,2.9,43.0,1887.0,0.043,83.0,20.0,91.0
496,22,13.6,0.0,3.1,84.0,1038.0,0.033,42.0,21.0,112.0
497,13,26.3,0.0,2.0,42.0,1502.0,0.037000000000000005,53.0,33.0,114.0
498,21,10.8,0.0,3.3,77.0,1377.0,0.028999999999999998,47.0,29.0,144.0
499,1,4.9,0.0,1.5,81.0,2000.0,,,,34.0
500,22,18.3,0.0,1.0,37.0,970.0,0.032,169.0,38.0,172.0
501,11,16.8,0.0,1.3,61.0,682.0,0.042,69.0,40.0,109.0
502,11,17.2,0.0,2.9,74.0,1307.0,0.028999999999999998,39.0,25.0,81.0
503,6,11.4,0.0,2.4,84.0,815.0,0.04,58.0,21.0,10.0
504,14,14.6,0.0,6.7,14.0,2000.0,0.048,59.0,11.0,93.0
505,11,22.2,0.0,2.2,38.0,676.0,0.04,106.0,52.0,85.0
506,19,17.7,0.0,4.1,25.0,1301.0,0.07,67.0,58.0,143.0
507,8,11.9,0.0,2.2,71.0,1632.0,0.025,48.0,19.0,41.0
508,23,13.3,0.0,1.8,44.0,1650.0,0.043,67.0,34.0,100.0
509,6,7.1,0.0,1.0,68.0,2000.0,0.028999999999999998,55.0,13.0,22.0
510,6,18.7,0.0,1.0,72.0,634.0,,,,53.0
511,12,25.0,0.0,1.8,27.0,2000.0,0.049,25.0,14.0,153.0
512,3,11.6,1.0,0.0,90.0,284.0,0.01,68.0,57.0,5.0
513,22,21.3,0.0,1.2,71.0,471.0,0.048,82.0,47.0,186.0
514,11,18.3,0.0,0.8,58.0,941.0,0.018000000000000002,56.0,24.0,88.0
515,2,12.3,0.0,4.0,85.0,658.0,0.04,52.0,20.0,35.0
516,0,12.8,0.0,1.3,85.0,830.0,0.035,41.0,21.0,87.0
517,21,17.9,1.0,0.2,91.0,553.0,0.021,33.0,27.0,86.0
518,19,16.0,0.0,3.7,28.0,2000.0,0.038,43.0,18.0,190.0
519,8,15.3,0.0,1.5,68.0,272.0,0.026000000000000002,142.0,89.0,163.0
520,9,8.8,0.0,1.8,44.0,833.0,0.005,86.0,69.0,88.0
521,17,11.4,0.0,2.3,79.0,1138.0,0.034,32.0,,74.0
522,6,12.6,0.0,0.4,78.0,1192.0,0.004,32.0,20.0,28.0
523,16,22.3,0.0,2.0,20.0,2000.0,0.055,33.0,19.0,264.0
524,22,14.3,0.0,1.7,35.0,921.0,0.047,83.0,72.0,104.0
525,16,30.0,0.0,3.2,16.0,1183.0,0.1,70.0,38.0,304.0
526,11,12.5,0.0,3.6,42.0,1104.0,0.006,79.0,62.0,23.0
527,15,23.9,0.0,3.4,40.0,1259.0,0.067,66.0,43.0,302.0
528,13,17.9,0.0,3.4,67.0,1467.0,0.038,42.0,28.0,70.0
529,11,24.0,0.0,1.7,34.0,1319.0,0.019,72.0,42.0,114.0
530,12,25.2,0.0,1.7,30.0,1665.0,0.027999999999999997,60.0,36.0,117.0
531,22,20.3,0.0,0.9,49.0,730.0,0.07200000000000001,104.0,59.0,226.0
532,12,19.5,0.0,1.5,53.0,1684.0,0.03,40.0,17.0,124.0
533,3,8.6,0.0,2.0,68.0,1891.0,0.026000000000000002,85.0,15.0,19.0
534,13,19.5,0.0,3.7,12.0,2000.0,0.046,21.0,14.0,111.0
535,12,13.1,0.0,4.6,14.0,1910.0,0.040999999999999995,58.0,11.0,96.0
536,19,18.7,0.0,4.7,37.0,1676.0,0.06,65.0,37.0,202.0
537,21,14.8,0.0,3.7,44.0,2000.0,0.042,23.0,16.0,120.0
538,22,20.3,0.0,3.4,44.0,1888.0,0.049,50.0,36.0,182.0
539,16,19.9,0.0,4.8,15.0,1948.0,0.051,37.0,14.0,151.0
540,2,15.8,0.0,1.4,39.0,2000.0,0.028999999999999998,21.0,16.0,51.0
541,18,22.6,0.0,5.4,18.0,2000.0,0.066,39.0,21.0,252.0
542,3,13.7,0.0,2.0,80.0,1034.0,0.026000000000000002,35.0,18.0,12.0
543,17,25.7,0.0,5.6,41.0,1949.0,0.065,44.0,26.0,309.0
544,20,10.2,0.0,2.3,47.0,2000.0,0.047,41.0,29.0,61.0
545,5,10.9,0.0,2.5,44.0,1757.0,0.03,91.0,24.0,19.0
546,2,14.3,0.0,0.4,70.0,1014.0,0.038,58.0,39.0,42.0
547,23,16.8,0.0,2.2,45.0,2000.0,0.03,31.0,17.0,123.0
548,12,23.5,0.0,3.4,48.0,1663.0,0.026000000000000002,33.0,22.0,151.0
549,14,17.5,0.0,3.5,30.0,807.0,0.059000000000000004,94.0,85.0,76.0
550,16,22.5,0.0,5.6,23.0,1948.0,0.062,92.0,19.0,151.0
551,15,28.4,0.0,2.9,31.0,1247.0,0.054000000000000006,44.0,29.0,126.0
552,15,26.8,0.0,2.6,30.0,990.0,0.067,86.0,46.0,132.0
553,8,19.5,0.0,2.0,64.0,901.0,0.04,53.0,39.0,241.0
554,12,18.9,0.0,2.0,30.0,1600.0,0.054000000000000006,58.0,29.0,148.0
555,23,11.8,0.0,2.6,78.0,916.0,0.040999999999999995,58.0,32.0,79.0
556,17,18.9,0.0,4.2,55.0,2000.0,0.042,32.0,11.0,161.0
557,17,19.8,0.0,2.9,68.0,636.0,0.05,63.0,39.0,138.0
558,8,9.0,0.0,2.5,17.0,2000.0,0.018000000000000002,41.0,13.0,197.0
559,20,10.4,0.0,1.7,84.0,1337.0,0.018000000000000002,27.0,27.0,86.0
560,11,10.1,0.0,1.5,59.0,990.0,0.015,39.0,,78.0
561,9,13.4,0.0,2.6,21.0,986.0,0.027000000000000003,212.0,20.0,59.0
562,9,19.2,0.0,1.6,50.0,789.0,0.027000000000000003,50.0,29.0,115.0
563,9,11.2,0.0,0.8,67.0,660.0,0.009000000000000001,75.0,38.0,70.0
564,9,13.4,0.0,3.2,29.0,2000.0,0.033,42.0,23.0,115.0
565,21,18.0,0.0,2.7,51.0,1967.0,0.055999999999999994,54.0,33.0,178.0
566,18,17.8,0.0,6.5,36.0,1353.0,0.054000000000000006,122.0,19.0,101.0
567,15,29.1,0.0,3.9,20.0,1950.0,0.069,50.0,30.0,106.0
568,5,12.5,0.0,2.0,43.0,2000.0,0.04,17.0,9.0,23.0
569,7,15.5,0.0,1.1,66.0,1211.0,0.022000000000000002,55.0,36.0,32.0
570,8,15.5,0.0,1.0,83.0,335.0,0.035,51.0,32.0,61.0
571,1,14.1,0.0,1.5,62.0,863.0,,,,44.0
572,2,14.6,0.0,1.4,37.0,1997.0,0.004,48.0,36.0,24.0
573,23,19.2,0.0,3.0,29.0,2000.0,0.045,59.0,26.0,163.0
574,12,19.5,0.0,2.1,32.0,2000.0,0.036000000000000004,23.0,12.0,135.0
575,15,26.3,0.0,3.6,30.0,1805.0,,50.0,22.0,131.0
576,14,19.1,0.0,2.2,67.0,1181.0,0.042,36.0,25.0,82.0
577,14,14.1,1.0,3.2,50.0,1645.0,0.045,46.0,39.0,2.0
578,17,21.8,0.0,4.0,23.0,1999.0,0.055,35.0,20.0,250.0
579,14,19.5,0.0,4.2,38.0,2000.0,0.053,18.0,14.0,224.0
580,15,26.8,0.0,3.7,34.0,1923.0,0.076,44.0,29.0,237.0
581,11,16.8,0.0,4.2,16.0,1228.0,0.031,197.0,22.0,67.0
582,18,27.1,0.0,2.8,26.0,2000.0,0.057,20.0,14.0,342.0
583,19,21.6,0.0,3.4,36.0,2000.0,0.038,33.0,14.0,315.0
584,4,10.6,0.0,1.8,80.0,512.0,0.019,53.0,45.0,8.0
585,22,10.1,0.0,3.1,20.0,2000.0,0.036000000000000004,58.0,14.0,112.0
586,14,22.1,0.0,6.0,22.0,1732.0,0.053,66.0,33.0,243.0
587,21,12.9,0.0,3.4,48.0,2000.0,0.042,45.0,23.0,132.0
588,10,21.1,0.0,1.4,40.0,1855.0,0.03,45.0,27.0,81.0
589,23,17.7,0.0,1.1,92.0,418.0,0.009000000000000001,34.0,27.0,42.0
590,6,13.1,0.0,0.7,84.0,236.0,0.040999999999999995,112.0,66.0,19.0
591,8,18.2,0.0,0.8,63.0,1987.0,0.005,36.0,25.0,215.0
592,19,18.3,0.0,5.2,24.0,2000.0,0.067,36.0,21.0,226.0
593,19,18.8,0.0,4.3,28.0,2000.0,0.051,40.0,19.0,211.0
594,10,21.6,0.0,1.4,40.0,1739.0,0.026000000000000002,45.0,28.0,95.0
595,3,12.1,0.0,3.0,40.0,1436.0,0.066,71.0,44.0,13.0
596,6,13.2,0.0,1.1,48.0,1897.0,0.008,47.0,35.0,23.0
597,6,8.5,0.0,1.5,55.0,2000.0,0.036000000000000004,31.0,18.0,29.0
598,7,12.8,0.0,1.4,84.0,235.0,0.031,114.0,67.0,39.0
599,19,22.2,0.0,4.2,29.0,2000.0,0.046,38.0,12.0,241.0
600,17,19.1,0.0,4.3,31.0,1746.0,0.047,59.0,26.0,129.0
601,17,27.4,0.0,2.8,21.0,2000.0,0.057999999999999996,24.0,12.0,317.0
602,20,14.0,0.0,4.3,44.0,2000.0,0.043,48.0,19.0,150.0
603,7,10.1,0.0,1.1,42.0,1913.0,0.05,59.0,36.0,82.0
604,2,12.1,1.0,3.3,98.0,328.0,0.034,9.0,8.0,8.0
605,10,10.2,0.0,2.6,84.0,261.0,0.013000000000000001,72.0,62.0,55.0
606,3,12.9,0.0,2.4,66.0,2000.0,0.036000000000000004,39.0,17.0,14.0
607,10,16.0,0.0,2.8,84.0,976.0,0.027999999999999997,46.0,31.0,95.0
608,11,16.4,0.0,4.1,26.0,1923.0,0.034,40.0,16.0,101.0
609,11,17.5,0.0,3.1,56.0,1237.0,0.043,106.0,19.0,91.0
610,11,22.7,0.0,2.9,38.0,1967.0,0.043,26.0,20.0,111.0
611,13,20.6,0.0,1.7,48.0,1813.0,0.035,40.0,18.0,107.0
612,23,19.5,0.0,1.8,61.0,1994.0,0.034,36.0,27.0,145.0
613,6,15.4,0.0,1.7,57.0,1234.0,0.031,119.0,27.0,11.0
614,7,11.1,0.0,1.3,84.0,967.0,0.034,54.0,19.0,21.0
615,10,15.5,0.0,1.9,53.0,632.0,0.017,82.0,42.0,106.0
616,6,16.1,0.0,2.1,73.0,694.0,0.028999999999999998,41.0,28.0,37.0
617,15,19.7,0.0,3.4,61.0,1053.0,0.044000000000000004,48.0,29.0,113.0
618,17,29.2,0.0,3.9,25.0,769.0,0.11199999999999999,69.0,38.0,324.0
619,18,19.8,0.0,5.3,21.0,2000.0,0.07200000000000001,38.0,22.0,266.0
620,12,19.7,0.0,3.5,45.0,1307.0,0.053,124.0,21.0,80.0
621,3,13.2,0.0,2.2,71.0,496.0,0.034,66.0,41.0,23.0
622,0,18.4,0.0,2.3,44.0,2000.0,0.037000000000000005,26.0,21.0,128.0
623,0,14.4,0.0,3.0,75.0,1629.0,0.022000000000000002,32.0,20.0,67.0
624,3,12.8,0.0,2.0,38.0,802.0,0.016,94.0,82.0,15.0
625,16,19.4,0.0,5.9,21.0,2000.0,0.052000000000000005,52.0,14.0,122.0
626,23,21.9,0.0,2.0,49.0,2000.0,0.008,34.0,23.0,150.0
627,22,23.4,0.0,2.6,37.0,2000.0,0.015,26.0,16.0,214.0
628,19,24.1,0.0,4.2,34.0,2000.0,0.051,36.0,16.0,278.0
629,0,18.5,0.0,0.6,45.0,1345.0,0.055,62.0,36.0,121.0
630,18,21.7,0.0,3.4,60.0,1920.0,0.025,37.0,21.0,24.0
631,16,24.4,0.0,3.3,52.0,549.0,0.078,81.0,45.0,127.0
632,18,26.7,0.0,4.2,32.0,913.0,0.095,86.0,47.0,286.0
633,4,14.0,0.0,1.6,43.0,1999.0,0.006999999999999999,55.0,40.0,6.0
634,11,17.4,0.0,2.7,46.0,876.0,0.019,76.0,35.0,111.0
635,0,17.7,0.0,1.1,36.0,1111.0,0.027000000000000003,155.0,35.0,78.0
636,11,19.6,0.0,2.9,50.0,602.0,0.061,193.0,54.0,66.0
637,18,23.1,0.0,2.6,31.0,2000.0,0.039,29.0,15.0,402.0
638,4,8.7,0.0,1.0,66.0,1802.0,0.044000000000000004,46.0,18.0,8.0
639,12,22.3,0.0,2.8,51.0,575.0,,,,121.0
640,22,13.3,0.0,3.6,66.0,619.0,0.064,90.0,62.0,114.0
641,2,18.3,0.0,0.9,64.0,1978.0,0.013999999999999999,31.0,22.0,42.0
642,22,18.1,0.0,4.6,73.0,1796.0,0.039,27.0,,143.0
643,3,15.8,0.0,3.1,60.0,722.0,0.08199999999999999,83.0,52.0,31.0
644,18,24.6,0.0,4.4,29.0,2000.0,0.059000000000000004,29.0,15.0,317.0
645,1,18.2,0.0,1.7,51.0,1871.0,,,,53.0
646,3,18.1,0.0,0.8,77.0,272.0,0.008,112.0,69.0,26.0
647,0,18.8,0.0,2.9,31.0,2000.0,0.061,53.0,22.0,69.0
648,20,23.2,0.0,4.7,38.0,2000.0,0.043,41.0,29.0,278.0
649,15,15.0,0.0,5.0,29.0,1418.0,0.06,56.0,49.0,284.0
650,19,17.8,0.0,3.2,60.0,2000.0,0.038,26.0,15.0,232.0
651,16,19.4,0.0,3.4,50.0,737.0,0.049,55.0,45.0,250.0
652,14,28.4,0.0,3.4,44.0,819.0,0.08199999999999999,78.0,52.0,97.0
653,3,10.6,0.0,1.5,58.0,1548.0,0.038,62.0,33.0,23.0
654,16,21.8,0.0,2.3,38.0,1992.0,0.05,41.0,21.0,142.0
655,14,18.8,0.0,3.7,53.0,1973.0,0.036000000000000004,61.0,32.0,108.0
656,0,15.5,0.0,0.9,30.0,2000.0,0.004,51.0,32.0,76.0
657,13,18.7,0.0,3.2,35.0,1631.0,0.047,50.0,32.0,91.0
658,16,18.2,0.0,2.7,30.0,1932.0,0.051,56.0,15.0,129.0
659,23,18.8,0.0,1.3,46.0,2000.0,0.044000000000000004,40.0,27.0,153.0
660,18,23.2,0.0,1.3,35.0,1954.0,0.061,52.0,34.0,247.0
661,15,23.3,0.0,3.4,58.0,1818.0,0.036000000000000004,32.0,22.0,110.0
662,2,10.8,0.0,1.4,22.0,1998.0,0.038,64.0,19.0,24.0
663,0,12.2,0.0,1.2,50.0,1707.0,0.033,58.0,29.0,62.0
664,8,9.2,0.0,0.8,90.0,347.0,0.022000000000000002,39.0,,160.0
665,21,13.5,0.0,3.6,71.0,2000.0,0.039,33.0,27.0,141.0
666,22,17.2,0.0,2.1,23.0,2000.0,0.011000000000000001,37.0,24.0,173.0
667,6,6.6,0.0,0.4,83.0,1109.0,0.024,54.0,20.0,22.0
668,0,14.8,0.0,1.2,64.0,2000.0,0.042,28.0,16.0,78.0
669,20,21.8,0.0,4.4,40.0,2000.0,0.048,35.0,19.0,188.0
670,10,19.8,0.0,2.8,71.0,679.0,0.048,60.0,36.0,74.0
671,16,26.2,0.0,4.3,31.0,1718.0,,47.0,23.0,136.0
672,2,17.1,0.0,0.8,53.0,956.0,0.026000000000000002,108.0,65.0,28.0
673,17,28.1,0.0,2.0,19.0,1665.0,0.08800000000000001,65.0,35.0,248.0
674,20,20.7,0.0,3.1,37.0,2000.0,0.035,31.0,16.0,219.0
675,20,18.5,1.0,2.6,89.0,296.0,0.019,40.0,29.0,38.0
676,6,14.0,0.0,0.4,71.0,533.0,0.069,82.0,50.0,9.0
677,2,19.4,0.0,1.1,59.0,2000.0,0.018000000000000002,29.0,22.0,45.0
678,12,19.1,0.0,3.9,24.0,1890.0,0.057999999999999996,48.0,22.0,105.0
679,8,10.5,0.0,0.6,35.0,1953.0,0.038,47.0,27.0,155.0
680,19,20.7,0.0,4.3,19.0,2000.0,0.054000000000000006,51.0,13.0,165.0
681,6,13.5,0.0,0.5,49.0,2000.0,0.051,29.0,18.0,37.0
682,23,19.1,0.0,2.2,44.0,2000.0,0.042,27.0,20.0,152.0
683,16,11.6,0.0,3.2,80.0,628.0,0.028999999999999998,36.0,33.0,79.0
684,22,14.1,0.0,3.0,37.0,1722.0,0.057,57.0,31.0,144.0
685,13,25.4,0.0,1.7,30.0,974.0,0.045,95.0,47.0,132.0
686,4,12.6,0.0,1.0,65.0,2000.0,0.040999999999999995,32.0,12.0,7.0
687,13,27.3,0.0,2.7,26.0,836.0,0.055,77.0,40.0,189.0
688,7,9.3,0.0,1.9,14.0,2000.0,0.04,42.0,11.0,73.0
689,1,11.4,0.0,1.7,40.0,1645.0,,,,27.0
690,22,17.7,0.0,2.4,45.0,2000.0,0.032,39.0,21.0,190.0
691,8,9.3,0.0,0.2,67.0,661.0,0.033,70.0,38.0,43.0
692,16,13.0,0.0,3.7,74.0,1888.0,,34.0,16.0,29.0
693,5,11.8,0.0,2.5,21.0,1014.0,0.042,205.0,18.0,6.0
694,0,17.9,0.0,0.7,87.0,582.0,0.004,32.0,25.0,30.0
695,10,12.2,0.0,3.5,41.0,1594.0,0.02,131.0,24.0,76.0
696,3,11.7,0.0,3.9,98.0,150.0,0.040999999999999995,20.0,20.0,3.0
697,12,21.4,0.0,3.0,46.0,565.0,0.064,213.0,57.0,104.0
698,16,27.5,0.0,3.4,28.0,1984.0,0.062,22.0,14.0,284.0
699,17,25.8,0.0,3.2,27.0,1997.0,0.054000000000000006,28.0,16.0,316.0
700,17,18.2,0.0,4.6,28.0,925.0,0.07,72.0,59.0,132.0
701,17,23.0,0.0,2.5,40.0,921.0,0.034,43.0,35.0,159.0
702,22,14.2,0.0,3.2,44.0,2000.0,0.043,23.0,18.0,84.0
703,10,21.1,0.0,1.1,66.0,535.0,0.057,64.0,41.0,95.0
704,11,20.6,0.0,3.5,63.0,1420.0,0.05,37.0,24.0,103.0
705,23,17.8,0.0,2.2,52.0,2000.0,0.023,32.0,19.0,183.0
706,21,13.1,0.0,2.7,60.0,1582.0,0.025,76.0,28.0,121.0
707,19,21.7,0.0,3.8,19.0,2000.0,0.064,37.0,20.0,191.0
708,23,9.9,0.0,3.3,69.0,1974.0,0.037000000000000005,45.0,17.0,70.0
709,17,20.8,0.0,5.1,22.0,1996.0,0.077,42.0,22.0,292.0
710,11,19.9,0.0,1.1,51.0,750.0,0.027000000000000003,69.0,43.0,106.0
711,12,22.8,0.0,2.5,37.0,1961.0,0.036000000000000004,32.0,17.0,165.0
712,23,22.2,0.0,2.5,69.0,1629.0,0.013999999999999999,32.0,25.0,138.0
713,0,12.5,0.0,1.4,32.0,2000.0,0.038,27.0,19.0,63.0
714,12,12.3,0.0,2.0,41.0,1332.0,0.025,43.0,39.0,149.0
715,18,25.6,0.0,3.0,41.0,1213.0,0.092,85.0,47.0,253.0
716,8,16.6,0.0,0.9,63.0,697.0,0.03,33.0,24.0,208.0
717,0,7.5,0.0,1.2,56.0,962.0,0.031,75.0,64.0,36.0
718,7,13.7,0.0,0.2,80.0,1355.0,0.026000000000000002,31.0,22.0,23.0
719,1,18.8,0.0,1.1,61.0,2000.0,,,,62.0
720,6,18.2,0.0,0.4,80.0,661.0,0.059000000000000004,48.0,30.0,46.0
721,4,10.1,0.0,0.0,44.0,2000.0,0.036000000000000004,26.0,20.0,9.0
722,13,17.7,0.0,2.4,50.0,1129.0,0.036000000000000004,,,114.0
723,19,19.8,0.0,2.4,65.0,938.0,0.057,57.0,37.0,215.0
724,17,22.8,0.0,3.2,58.0,1940.0,0.031,33.0,22.0,85.0
725,16,27.8,0.0,1.5,22.0,1644.0,0.083,71.0,35.0,219.0
726,22,19.4,0.0,2.4,39.0,1757.0,0.028999999999999998,65.0,29.0,194.0
727,14,24.0,0.0,2.6,51.0,1946.0,0.042,34.0,26.0,92.0
728,18,20.3,0.0,4.7,25.0,1994.0,0.053,43.0,20.0,242.0
729,17,22.3,0.0,2.7,42.0,819.0,0.073,200.0,,151.0
730,5,15.4,0.0,0.9,50.0,1979.0,0.027000000000000003,49.0,28.0,17.0
731,22,15.6,0.0,0.3,86.0,507.0,0.02,68.0,30.0,102.0
732,17,29.1,0.0,2.3,24.0,1900.0,0.07,42.0,27.0,213.0
733,3,15.2,0.0,0.7,44.0,2000.0,0.040999999999999995,20.0,17.0,35.0
734,16,27.5,0.0,2.9,38.0,1863.0,0.083,51.0,28.0,263.0
735,20,24.8,0.0,3.3,55.0,1442.0,0.069,62.0,37.0,290.0
736,20,15.5,0.0,2.9,57.0,1232.0,0.045,74.0,29.0,146.0
737,17,24.1,0.0,2.8,53.0,525.0,0.08199999999999999,88.0,51.0,158.0
738,17,9.5,1.0,1.4,68.0,2000.0,0.052000000000000005,40.0,37.0,134.0
739,19,16.9,0.0,4.4,49.0,1349.0,0.053,75.0,31.0,195.0
740,10,15.7,0.0,2.7,61.0,1203.0,0.035,42.0,26.0,79.0
741,20,22.7,0.0,3.1,41.0,732.0,0.1,102.0,60.0,249.0
742,10,16.6,0.0,0.9,53.0,1145.0,0.011000000000000001,128.0,30.0,63.0
743,19,23.7,0.0,4.1,29.0,2000.0,0.062,28.0,17.0,282.0
744,6,13.0,0.0,1.2,80.0,611.0,0.02,56.0,41.0,15.0
745,21,21.2,0.0,3.3,52.0,2000.0,0.032,30.0,21.0,249.0
746,17,19.6,0.0,4.2,36.0,1231.0,0.059000000000000004,77.0,29.0,205.0
747,3,10.8,0.0,3.8,45.0,2000.0,0.039,34.0,19.0,20.0
748,10,16.8,0.0,2.1,63.0,1086.0,0.026000000000000002,36.0,18.0,99.0
749,8,10.1,0.0,2.0,70.0,788.0,0.016,61.0,29.0,47.0
750,21,14.6,0.0,3.8,29.0,2000.0,0.044000000000000004,43.0,19.0,163.0
751,21,21.0,0.0,3.0,41.0,2000.0,0.046,33.0,22.0,232.0
752,3,16.5,0.0,0.8,59.0,2000.0,0.026000000000000002,40.0,26.0,28.0
753,13,26.4,0.0,4.1,27.0,1943.0,0.061,44.0,23.0,92.0
754,9,17.0,0.0,1.8,60.0,1929.0,0.028999999999999998,28.0,16.0,87.0
755,11,15.6,0.0,2.7,49.0,1345.0,0.016,85.0,38.0,99.0
756,9,12.1,0.0,1.9,58.0,771.0,0.032,65.0,36.0,60.0
757,13,27.1,0.0,2.3,48.0,761.0,0.064,75.0,47.0,86.0
758,3,11.3,0.0,1.3,82.0,602.0,0.049,62.0,33.0,25.0
759,0,18.3,0.0,2.6,47.0,2000.0,0.033,49.0,32.0,107.0
760,12,24.7,0.0,2.7,31.0,2000.0,0.05,26.0,17.0,142.0
761,1,11.5,0.0,1.2,73.0,774.0,,,,79.0
762,11,17.2,0.0,0.2,52.0,1114.0,0.01,124.0,31.0,65.0
763,19,16.7,1.0,0.7,88.0,577.0,0.037000000000000005,82.0,37.0,39.0
764,5,15.7,0.0,1.0,62.0,1704.0,0.019,42.0,28.0,22.0
765,6,11.1,0.0,2.0,92.0,202.0,0.011000000000000001,76.0,63.0,14.0
766,17,22.2,0.0,5.7,18.0,1948.0,0.06,88.0,21.0,158.0
767,21,13.6,0.0,2.9,67.0,540.0,0.061,87.0,59.0,136.0
768,19,11.4,0.0,2.2,87.0,800.0,0.04,39.0,27.0,150.0
769,20,23.2,0.0,2.3,37.0,1952.0,0.07,53.0,31.0,213.0
770,22,20.8,0.0,1.8,48.0,1781.0,0.027999999999999997,55.0,31.0,221.0
771,3,17.2,0.0,1.6,59.0,1277.0,0.052000000000000005,49.0,32.0,30.0
772,2,8.9,0.0,0.9,52.0,839.0,0.011000000000000001,80.0,71.0,10.0
773,9,21.3,0.0,1.2,45.0,1993.0,0.008,31.0,19.0,129.0
774,18,14.2,0.0,3.6,33.0,1082.0,0.066,64.0,51.0,113.0
775,2,19.4,0.0,1.8,78.0,634.0,0.051,59.0,34.0,33.0
776,10,13.4,0.0,2.8,35.0,2000.0,0.024,30.0,20.0,92.0
777,8,11.9,0.0,2.4,71.0,1339.0,0.038,86.0,20.0,34.0
778,19,12.7,0.0,3.5,34.0,1250.0,0.065,75.0,62.0,87.0
779,16,26.6,0.0,4.8,38.0,2000.0,0.063,30.0,23.0,300.0
780,17,27.2,0.0,4.4,45.0,1621.0,0.08199999999999999,55.0,32.0,304.0
781,19,18.9,0.0,5.0,40.0,2000.0,0.053,49.0,12.0,214.0
782,14,21.9,0.0,2.3,45.0,925.0,0.049,72.0,36.0,181.0
783,8,8.1,0.0,0.4,70.0,1378.0,0.006999999999999999,52.0,25.0,194.0
784,3,10.6,0.0,1.9,82.0,1638.0,0.024,33.0,27.0,18.0
785,18,22.9,0.0,5.5,29.0,2000.0,0.049,36.0,9.0,375.0
786,1,13.4,0.0,1.9,69.0,2000.0,,,,34.0
787,15,25.8,0.0,3.2,26.0,1986.0,0.059000000000000004,29.0,19.0,256.0
788,4,8.0,0.0,1.5,53.0,861.0,0.005,82.0,77.0,8.0
789,8,14.8,0.0,1.1,52.0,2000.0,0.015,37.0,22.0,224.0
790,1,18.7,0.0,2.0,64.0,1737.0,,,,29.0
791,6,16.1,0.0,0.2,75.0,1351.0,0.037000000000000005,27.0,23.0,34.0
792,17,26.6,0.0,4.0,39.0,1081.0,0.091,84.0,48.0,287.0
793,19,26.5,0.0,4.4,31.0,1973.0,0.071,45.0,28.0,324.0
794,18,24.8,0.0,2.5,48.0,671.0,0.077,75.0,48.0,316.0
795,3,11.9,0.0,2.1,58.0,1716.0,0.038,75.0,19.0,22.0
796,2,17.1,0.0,1.7,57.0,2000.0,0.02,46.0,29.0,70.0
797,12,13.3,0.0,2.1,42.0,1909.0,0.013000000000000001,87.0,29.0,82.0
798,11,15.1,0.0,1.6,27.0,989.0,0.018000000000000002,73.0,62.0,56.0
799,5,18.6,0.0,2.3,61.0,1527.0,0.025,56.0,30.0,28.0
800,13,24.7,0.0,3.4,35.0,1492.0,0.063,54.0,32.0,104.0
801,20,19.2,0.0,2.6,48.0,1999.0,0.055999999999999994,54.0,31.0,162.0
802,20,21.6,0.0,3.7,36.0,1729.0,0.055,84.0,33.0,165.0
803,21,20.7,0.0,3.7,37.0,1395.0,0.08199999999999999,71.0,36.0,216.0
804,19,14.8,0.0,3.7,82.0,892.0,0.051,46.0,30.0,136.0
805,2,18.0,0.0,2.1,66.0,1659.0,0.023,40.0,29.0,20.0
806,23,20.7,0.0,1.7,66.0,464.0,0.028999999999999998,88.0,54.0,126.0
807,17,20.6,0.0,3.2,56.0,1539.0,0.049,52.0,26.0,183.0
808,7,15.1,0.0,0.5,67.0,1008.0,0.027000000000000003,48.0,30.0,76.0
809,15,26.8,0.0,3.4,30.0,1980.0,0.065,27.0,18.0,246.0
810,20,20.6,0.0,2.6,60.0,830.0,0.07,,51.0,190.0
811,21,17.3,0.0,3.2,63.0,2000.0,0.027000000000000003,36.0,17.0,230.0
812,12,17.4,0.0,2.8,74.0,1167.0,0.035,36.0,25.0,61.0
813,13,25.6,0.0,3.8,32.0,1965.0,0.06,32.0,19.0,167.0
814,19,25.1,0.0,4.7,55.0,1222.0,0.083,60.0,38.0,293.0
815,19,17.3,0.0,2.6,40.0,2000.0,0.049,19.0,15.0,137.0
816,3,17.3,0.0,2.2,69.0,1636.0,0.032,30.0,24.0,27.0
817,1,17.8,1.0,1.0,91.0,323.0,,,,41.0
818,10,20.9,0.0,2.1,35.0,1944.0,0.031,28.0,19.0,84.0
819,16,24.2,0.0,3.4,33.0,1633.0,0.075,77.0,42.0,296.0
820,4,10.2,0.0,1.3,63.0,1378.0,0.033,58.0,29.0,11.0
821,9,18.8,0.0,0.5,49.0,1132.0,0.027000000000000003,39.0,23.0,75.0
822,20,20.7,0.0,4.1,31.0,2000.0,0.043,40.0,13.0,191.0
823,20,25.0,0.0,3.2,50.0,2000.0,0.040999999999999995,35.0,25.0,239.0
824,12,23.5,0.0,2.0,55.0,1788.0,0.027000000000000003,26.0,18.0,138.0
825,5,11.9,0.0,2.1,90.0,228.0,0.005,72.0,60.0,10.0
826,23,14.3,0.0,2.6,60.0,2000.0,0.044000000000000004,44.0,15.0,102.0
827,13,24.5,0.0,3.5,38.0,773.0,,,,161.0
828,22,19.6,0.0,2.8,42.0,2000.0,0.055999999999999994,41.0,26.0,245.0
829,8,6.7,0.0,2.1,58.0,801.0,0.004,81.0,67.0,181.0
830,11,14.9,0.0,2.5,33.0,1928.0,0.023,38.0,20.0,85.0
831,20,22.4,0.0,3.5,32.0,2000.0,0.051,33.0,18.0,274.0
832,13,24.7,0.0,2.2,48.0,1926.0,0.036000000000000004,26.0,18.0,121.0
833,8,16.6,0.0,3.1,46.0,1341.0,0.005,64.0,44.0,169.0
834,2,14.1,0.0,0.3,75.0,990.0,0.032,47.0,24.0,31.0
835,21,22.2,0.0,1.8,63.0,649.0,0.057999999999999996,86.0,49.0,233.0
836,15,13.2,0.0,4.6,34.0,1954.0,0.051,22.0,21.0,104.0
837,2,11.4,1.0,0.9,89.0,289.0,0.017,67.0,57.0,5.0
838,4,16.4,0.0,2.8,61.0,1388.0,0.004,81.0,52.0,9.0
839,8,13.2,0.0,0.5,52.0,2000.0,0.023,35.0,16.0,189.0
840,5,5.0,0.0,0.3,59.0,1022.0,0.04,70.0,64.0,12.0
841,19,25.9,0.0,3.1,41.0,2000.0,0.053,29.0,21.0,310.0
842,5,5.5,0.0,0.5,78.0,2000.0,0.022000000000000002,18.0,,7.0
843,8,10.7,0.0,2.0,45.0,1881.0,0.024,45.0,24.0,212.0
844,21,14.7,0.0,1.6,31.0,1175.0,0.052000000000000005,77.0,68.0,138.0
845,5,9.5,0.0,0.7,76.0,840.0,0.034,49.0,25.0,6.0
846,0,11.7,0.0,1.3,76.0,733.0,0.031,68.0,29.0,79.0
847,3,18.6,0.0,1.3,79.0,748.0,0.062,47.0,30.0,30.0
848,19,24.6,0.0,1.6,49.0,740.0,0.07,80.0,46.0,193.0
849,19,24.3,0.0,3.9,30.0,2000.0,0.057999999999999996,28.0,17.0,226.0
850,14,13.2,1.0,4.7,81.0,604.0,0.053,52.0,19.0,27.0
851,18,18.8,0.0,2.5,52.0,773.0,0.054000000000000006,75.0,45.0,279.0
852,23,11.2,0.0,1.6,39.0,1908.0,0.028999999999999998,97.0,22.0,73.0
853,12,18.0,0.0,5.0,18.0,1268.0,0.037000000000000005,163.0,16.0,77.0
854,4,13.4,0.0,0.0,74.0,746.0,0.025,64.0,43.0,13.0
855,7,18.5,0.0,1.2,77.0,629.0,0.055,48.0,32.0,117.0
856,5,9.0,0.0,1.9,90.0,260.0,0.027000000000000003,46.0,,9.0
857,1,12.4,1.0,2.4,99.0,232.0,,,,6.0
858,9,12.4,0.0,2.0,35.0,1927.0,0.024,43.0,20.0,125.0
859,12,16.9,0.0,1.2,29.0,826.0,0.019,83.0,69.0,96.0
860,6,9.0,0.0,2.1,90.0,245.0,0.031,37.0,,20.0
861,13,23.6,0.0,3.4,36.0,1970.0,0.042,33.0,21.0,221.0
862,15,17.9,0.0,3.2,33.0,1890.0,0.05,69.0,23.0,125.0
863,16,20.5,0.0,4.6,34.0,1962.0,0.053,61.0,14.0,337.0
864,6,9.8,0.0,0.1,84.0,874.0,0.009000000000000001,35.0,27.0,32.0
865,12,15.3,0.0,3.5,27.0,1900.0,0.040999999999999995,67.0,21.0,129.0
866,7,15.3,0.0,1.1,54.0,1326.0,0.025,117.0,30.0,24.0
867,13,23.2,0.0,3.7,45.0,527.0,0.069,225.0,61.0,91.0
868,0,15.8,0.0,3.0,76.0,389.0,0.065,93.0,55.0,90.0
869,18,17.9,0.0,4.5,24.0,2000.0,0.054000000000000006,55.0,17.0,272.0
870,9,6.6,0.0,1.7,71.0,1871.0,0.015,16.0,16.0,52.0
871,1,20.0,0.0,1.8,58.0,2000.0,,,,74.0
872,4,16.9,0.0,2.0,71.0,1636.0,0.037000000000000005,29.0,22.0,8.0
873,2,14.6,0.0,1.1,82.0,293.0,0.061,100.0,57.0,16.0
874,16,26.3,0.0,3.9,31.0,1821.0,0.069,55.0,31.0,188.0
875,23,9.5,0.0,2.9,37.0,2000.0,0.036000000000000004,56.0,15.0,58.0
876,11,16.7,0.0,3.9,39.0,1563.0,0.031,45.0,25.0,95.0
877,5,11.8,0.0,0.8,51.0,1694.0,0.055,102.0,30.0,26.0
878,1,15.6,0.0,0.6,46.0,2000.0,,,,70.0
879,7,14.8,0.0,1.3,55.0,1305.0,0.017,65.0,42.0,65.0
880,10,12.6,0.0,2.5,50.0,2000.0,0.018000000000000002,42.0,25.0,76.0
881,5,11.7,0.0,2.5,85.0,776.0,0.044000000000000004,58.0,19.0,11.0
882,2,11.0,0.0,2.8,42.0,2000.0,0.037000000000000005,32.0,18.0,33.0
883,18,26.4,0.0,4.4,50.0,1381.0,0.083,54.0,33.0,305.0
884,23,14.1,0.0,3.1,68.0,475.0,0.032,86.0,52.0,88.0
885,4,9.4,0.0,1.4,82.0,528.0,0.013000000000000001,80.0,39.0,9.0
886,0,11.7,0.0,3.5,80.0,895.0,0.044000000000000004,58.0,31.0,34.0
887,1,16.8,0.0,0.8,79.0,518.0,,,,95.0
888,14,21.1,0.0,3.5,22.0,1855.0,0.068,46.0,22.0,127.0
889,14,17.2,0.0,3.5,28.0,1970.0,0.048,64.0,18.0,131.0
890,22,8.4,0.0,3.5,60.0,2000.0,0.03,47.0,36.0,58.0
891,13,20.1,0.0,1.4,48.0,916.0,0.042,73.0,40.0,159.0
892,3,16.5,0.0,1.1,43.0,1068.0,0.01,162.0,39.0,32.0
893,13,20.5,0.0,2.8,22.0,1959.0,0.064,51.0,26.0,214.0
894,9,9.8,0.0,0.3,83.0,471.0,0.021,36.0,,86.0
895,22,20.2,0.0,2.7,58.0,2000.0,0.038,35.0,28.0,214.0
896,11,16.3,0.0,3.5,20.0,2000.0,0.036000000000000004,31.0,21.0,76.0
897,14,14.4,1.0,3.5,79.0,1395.0,0.039,41.0,28.0,1.0
898,18,18.3,0.0,4.3,43.0,1304.0,0.055999999999999994,76.0,30.0,299.0
899,14,26.3,0.0,4.3,31.0,1060.0,0.09,,,190.0
900,22,14.7,0.0,2.3,68.0,452.0,0.047,78.0,50.0,118.0
901,10,14.8,0.0,1.9,37.0,1688.0,0.018000000000000002,48.0,25.0,72.0
902,7,14.6,1.0,0.9,94.0,108.0,0.019,58.0,29.0,37.0
903,23,11.1,0.0,2.9,55.0,2000.0,0.033,47.0,21.0,85.0
904,2,11.4,0.0,2.1,40.0,1766.0,0.033,103.0,24.0,23.0
905,13,23.0,0.0,3.4,36.0,2000.0,0.044000000000000004,49.0,26.0,97.0
906,14,19.2,0.0,5.6,16.0,1424.0,0.045,153.0,17.0,106.0
907,0,16.1,0.0,1.8,45.0,2000.0,0.016,33.0,22.0,95.0
908,6,14.9,0.0,0.9,51.0,1308.0,0.032,62.0,37.0,34.0
909,20,16.9,0.0,2.4,55.0,848.0,0.049,81.0,50.0,142.0
910,20,14.0,0.0,2.9,35.0,910.0,0.061,,,117.0
911,23,17.5,0.0,3.1,78.0,1323.0,0.043,26.0,22.0,102.0
912,0,12.4,0.0,2.6,55.0,965.0,0.059000000000000004,81.0,54.0,51.0
913,0,18.6,0.0,0.3,58.0,554.0,0.053,110.0,63.0,104.0
914,21,15.8,0.0,1.1,87.0,620.0,0.026000000000000002,54.0,27.0,75.0
915,9,9.8,0.0,2.2,17.0,2000.0,0.019,43.0,10.0,105.0
916,18,18.0,0.0,2.8,29.0,884.0,0.065,,,207.0
917,8,15.8,0.0,1.4,57.0,1077.0,0.031,47.0,29.0,202.0
918,18,10.6,0.0,3.3,83.0,1108.0,0.027000000000000003,31.0,29.0,177.0
919,6,18.3,0.0,2.3,64.0,1403.0,0.026000000000000002,55.0,32.0,18.0
920,16,19.7,0.0,5.4,38.0,1589.0,0.063,58.0,35.0,140.0
921,23,12.2,0.0,2.3,72.0,869.0,0.034,72.0,34.0,80.0
922,18,11.2,0.0,3.3,90.0,404.0,0.033,33.0,28.0,206.0
923,6,10.5,0.0,1.1,42.0,1825.0,0.059000000000000004,60.0,38.0,20.0
924,16,23.5,0.0,4.1,20.0,1947.0,0.067,48.0,25.0,332.0
925,22,15.7,0.0,3.3,58.0,2000.0,0.024,37.0,18.0,172.0
926,12,17.6,0.0,1.7,42.0,1712.0,0.034,72.0,28.0,140.0
927,20,23.1,0.0,3.0,50.0,2000.0,0.04,36.0,26.0,244.0
928,23,14.0,0.0,1.6,33.0,881.0,0.059000000000000004,86.0,77.0,91.0
929,21,12.7,0.0,3.5,37.0,2000.0,0.033,62.0,19.0,152.0
930,23,13.1,0.0,2.1,31.0,2000.0,0.036000000000000004,31.0,13.0,98.0
931,3,13.5,0.0,0.2,72.0,839.0,0.036000000000000004,60.0,40.0,27.0
932,15,15.9,0.0,4.3,15.0,2000.0,0.048,55.0,11.0,105.0
933,9,10.9,0.0,1.9,50.0,1844.0,0.012,84.0,24.0,98.0
934,22,11.7,0.0,1.6,41.0,910.0,0.037000000000000005,79.0,68.0,114.0
935,9,15.3,0.0,1.5,43.0,1084.0,0.032,110.0,29.0,95.0
936,2,13.6,0.0,2.2,70.0,491.0,0.039,69.0,39.0,21.0
937,21,13.3,0.0,3.1,48.0,1880.0,0.052000000000000005,54.0,26.0,162.0
938,19,28.7,0.0,3.3,8.0,2000.0,0.052000000000000005,22.0,10.0,317.0
939,2,11.9,0.0,1.8,78.0,574.0,0.004,61.0,50.0,29.0
940,21,13.0,0.0,2.7,76.0,528.0,0.015,60.0,50.0,135.0
941,10,17.8,0.0,2.1,47.0,764.0,0.054000000000000006,166.0,41.0,71.0
942,16,23.9,0.0,6.0,22.0,2000.0,0.057999999999999996,40.0,14.0,137.0
943,16,19.3,0.0,2.7,76.0,538.0,0.045,62.0,41.0,109.0
944,20,15.4,0.0,5.3,46.0,1536.0,0.057999999999999996,99.0,23.0,81.0
945,2,12.3,0.0,1.2,54.0,1814.0,0.036000000000000004,78.0,20.0,24.0
946,13,19.3,0.0,3.2,52.0,929.0,0.011000000000000001,126.0,37.0,148.0
947,7,13.4,0.0,1.3,80.0,912.0,0.027999999999999997,36.0,15.0,98.0
948,18,20.3,0.0,4.1,24.0,2000.0,,57.0,27.0,320.0
949,4,9.9,0.0,2.6,49.0,2000.0,0.04,32.0,16.0,14.0
950,15,18.6,0.0,2.8,54.0,619.0,0.038,54.0,43.0,238.0
951,23,20.5,0.0,1.6,54.0,1808.0,0.027999999999999997,56.0,31.0,137.0
952,20,20.1,0.0,2.5,52.0,2000.0,0.038,37.0,22.0,215.0
953,23,16.6,0.0,2.1,71.0,465.0,0.066,92.0,53.0,112.0
954,11,13.7,0.0,3.8,36.0,1789.0,0.034,100.0,24.0,73.0
955,21,14.7,0.0,3.1,37.0,1984.0,0.054000000000000006,53.0,25.0,161.0
956,23,20.4,0.0,2.7,73.0,868.0,0.069,55.0,37.0,124.0
957,6,10.9,0.0,3.6,39.0,2000.0,0.045,31.0,25.0,25.0
958,4,18.5,0.0,0.2,55.0,2000.0,0.013999999999999999,30.0,21.0,17.0
959,18,27.5,0.0,3.8,47.0,1507.0,0.083,64.0,40.0,398.0
960,15,20.0,0.0,4.0,39.0,2000.0,0.055,22.0,17.0,281.0
961,13,16.3,0.0,1.8,22.0,1975.0,0.034,56.0,25.0,71.0
962,1,10.6,0.0,0.2,71.0,844.0,,,,67.0
963,3,12.1,0.0,3.2,85.0,679.0,0.043,54.0,21.0,17.0
964,15,26.7,0.0,5.2,34.0,1968.0,0.079,48.0,23.0,275.0
965,14,19.1,0.0,1.7,44.0,1155.0,0.036000000000000004,34.0,,112.0
966,0,19.7,0.0,3.4,76.0,749.0,0.065,48.0,31.0,100.0
967,9,15.0,0.0,2.9,59.0,1921.0,0.018000000000000002,58.0,17.0,113.0
968,23,11.4,1.0,1.8,98.0,128.0,0.024,21.0,,1.0
969,6,14.7,1.0,0.1,93.0,153.0,0.02,59.0,31.0,3.0
970,4,16.1,0.0,0.6,60.0,2000.0,0.027999999999999997,39.0,28.0,27.0
971,10,21.0,0.0,0.3,57.0,1463.0,0.01,41.0,27.0,99.0
972,22,15.0,0.0,2.5,56.0,2000.0,0.048,44.0,16.0,121.0
973,2,5.1,0.0,1.3,77.0,2000.0,0.018000000000000002,16.0,,29.0
974,1,17.8,0.0,1.2,59.0,676.0,,,,42.0
975,14,27.1,0.0,2.2,29.0,856.0,0.055,88.0,42.0,113.0
976,5,9.1,0.0,1.2,83.0,495.0,0.013999999999999999,81.0,39.0,8.0
977,11,18.3,0.0,2.7,33.0,2000.0,0.028999999999999998,25.0,13.0,133.0
978,13,16.8,0.0,7.5,43.0,2000.0,0.053,55.0,17.0,3.0
979,23,13.1,0.0,3.0,84.0,990.0,0.036000000000000004,39.0,19.0,87.0
980,0,12.8,0.0,1.8,79.0,733.0,0.008,46.0,38.0,75.0
981,6,5.6,0.0,1.0,80.0,1782.0,0.021,17.0,,9.0
982,13,16.6,0.0,3.7,60.0,1328.0,0.043,36.0,25.0,12.0
983,22,12.5,0.0,4.0,76.0,525.0,0.013000000000000001,67.0,54.0,60.0
984,9,18.3,0.0,0.7,49.0,1926.0,0.022000000000000002,44.0,24.0,64.0
985,12,17.9,1.0,2.0,51.0,1997.0,0.006999999999999999,73.0,40.0,2.0
986,0,19.5,0.0,2.4,55.0,2000.0,0.003,34.0,22.0,98.0
987,10,19.8,0.0,2.1,48.0,488.0,0.032,130.0,73.0,106.0
988,20,12.9,0.0,4.0,70.0,1355.0,0.053,54.0,27.0,85.0
989,20,22.7,0.0,4.7,34.0,1444.0,0.086,74.0,37.0,226.0
990,20,16.9,0.0,3.5,64.0,754.0,0.03,68.0,53.0,124.0
991,19,16.8,0.0,6.2,41.0,1467.0,0.055999999999999994,108.0,20.0,111.0
992,16,23.0,0.0,2.9,26.0,2000.0,,22.0,8.0,182.0
993,13,19.4,0.0,2.5,16.0,2000.0,0.045,27.0,14.0,122.0
994,6,11.1,0.0,1.5,83.0,430.0,0.047,70.0,41.0,15.0
995,20,15.0,0.0,4.4,35.0,2000.0,0.052000000000000005,49.0,18.0,170.0
996,15,21.3,0.0,3.8,21.0,875.0,0.077,92.0,83.0,111.0
997,14,11.2,0.0,2.7,80.0,1013.0,0.03,25.0,25.0,75.0
998,5,8.2,0.0,0.4,71.0,1758.0,0.034,46.0,19.0,10.0
999,7,15.3,0.0,2.6,69.0,291.0,0.013999999999999999,124.0,79.0,82.0
1000,7,12.9,0.0,2.7,42.0,2000.0,0.035,19.0,10.0,103.0
1001,2,9.2,0.0,0.4,62.0,1882.0,0.04,49.0,18.0,24.0
1002,7,5.6,0.0,0.4,79.0,1992.0,0.006999999999999999,19.0,18.0,20.0
1003,1,14.5,0.0,1.7,71.0,1307.0,,,,44.0
1004,10,12.8,0.0,1.8,81.0,325.0,0.015,74.0,67.0,55.0
1005,20,10.7,0.0,3.8,38.0,1246.0,0.064,72.0,60.0,87.0
1006,10,20.8,0.0,1.8,45.0,1988.0,0.03,53.0,21.0,94.0
1007,15,26.7,0.0,3.4,30.0,1682.0,0.057,64.0,32.0,205.0
1008,1,18.7,0.0,1.1,63.0,2000.0,,,,49.0
1009,6,9.4,0.0,2.5,85.0,370.0,0.022000000000000002,56.0,49.0,11.0
1010,21,15.2,0.0,1.3,68.0,747.0,0.017,60.0,50.0,144.0
1011,23,19.3,0.0,3.7,52.0,812.0,0.057999999999999996,108.0,64.0,143.0
1012,15,23.3,0.0,2.7,37.0,963.0,0.069,79.0,47.0,269.0
1013,9,19.6,0.0,1.4,54.0,1343.0,0.017,49.0,29.0,79.0
1014,2,9.7,0.0,2.6,86.0,448.0,0.005,51.0,51.0,20.0
1015,17,11.5,1.0,3.0,91.0,555.0,0.036000000000000004,29.0,21.0,64.0
1016,5,15.7,0.0,1.2,63.0,688.0,0.026000000000000002,118.0,74.0,7.0
1017,23,12.1,0.0,3.5,76.0,450.0,0.006999999999999999,74.0,57.0,11.0
1018,8,8.7,0.0,1.7,50.0,2000.0,0.006,36.0,19.0,201.0
1019,5,12.2,0.0,3.0,76.0,407.0,0.033,67.0,40.0,11.0
1020,7,16.1,0.0,1.3,64.0,1522.0,0.025,38.0,26.0,26.0
1021,7,9.1,0.0,1.8,87.0,266.0,0.011000000000000001,61.0,51.0,21.0
1022,1,9.5,0.0,0.5,52.0,800.0,,,,26.0
1023,20,15.0,0.0,2.7,81.0,979.0,0.04,37.0,21.0,109.0
1024,17,20.8,0.0,3.2,22.0,1135.0,0.068,74.0,57.0,118.0
1025,14,26.7,0.0,1.2,37.0,1397.0,0.038,45.0,29.0,132.0
1026,14,18.5,0.0,3.5,33.0,1636.0,0.040999999999999995,68.0,25.0,121.0
1027,1,11.5,0.0,2.4,82.0,727.0,,,,63.0
1028,20,13.5,0.0,3.3,76.0,538.0,0.021,64.0,53.0,106.0
1029,4,18.5,0.0,1.2,80.0,724.0,0.061,43.0,27.0,13.0
1030,11,12.0,0.0,2.1,76.0,342.0,0.017,66.0,60.0,87.0
1031,5,17.4,0.0,0.9,91.0,390.0,0.02,30.0,24.0,17.0
1032,20,14.2,0.0,3.6,33.0,2000.0,0.035,42.0,20.0,138.0
1033,8,10.7,0.0,1.3,82.0,731.0,0.012,46.0,36.0,180.0
1034,9,13.8,0.0,1.9,64.0,1344.0,0.039,93.0,19.0,39.0
1035,23,15.4,0.0,2.8,71.0,1926.0,0.024,33.0,16.0,124.0
1036,13,13.5,0.0,3.2,32.0,1758.0,0.042,41.0,37.0,172.0
1037,14,25.6,0.0,3.9,41.0,1598.0,0.061,40.0,27.0,226.0
1038,18,16.9,0.0,2.4,64.0,570.0,0.05,73.0,57.0,171.0
1039,18,27.5,0.0,3.4,34.0,2000.0,0.05,,,402.0
1040,9,18.0,0.0,1.8,44.0,1961.0,0.03,31.0,20.0,79.0
1041,17,20.3,0.0,5.5,35.0,2000.0,0.053,60.0,16.0,276.0
1042,5,16.6,0.0,1.6,73.0,1228.0,0.017,39.0,27.0,20.0
1043,7,12.4,0.0,2.3,67.0,2000.0,0.023,43.0,15.0,104.0
1044,4,18.9,0.0,1.7,80.0,459.0,0.04,70.0,41.0,13.0
1045,1,11.2,0.0,1.2,78.0,1982.0,,,,37.0
1046,22,19.9,0.0,2.8,44.0,2000.0,0.039,29.0,22.0,196.0
1047,22,20.8,0.0,2.1,57.0,2000.0,0.013000000000000001,32.0,19.0,219.0
1048,0,12.2,0.0,2.5,23.0,2000.0,0.036000000000000004,66.0,19.0,46.0
1049,15,13.4,1.0,3.7,62.0,969.0,0.043,43.0,35.0,2.0
1050,11,14.5,0.0,2.2,61.0,772.0,0.016,43.0,41.0,71.0
1051,0,10.0,0.0,0.5,50.0,830.0,0.026000000000000002,82.0,70.0,46.0
1052,2,18.6,0.0,1.0,75.0,274.0,0.018000000000000002,115.0,73.0,36.0
1053,23,16.3,0.0,1.8,60.0,1703.0,0.042,54.0,31.0,119.0
1054,3,10.9,0.0,1.4,74.0,730.0,0.028999999999999998,71.0,33.0,29.0
1055,13,25.5,0.0,3.7,32.0,1841.0,0.057,37.0,22.0,143.0
1056,22,20.9,0.0,4.3,70.0,839.0,0.073,61.0,38.0,139.0
1057,17,28.8,0.0,2.9,40.0,1354.0,0.09300000000000001,66.0,43.0,176.0
1058,16,19.8,0.0,4.2,48.0,892.0,0.071,63.0,37.0,140.0
1059,2,14.1,0.0,4.5,42.0,2000.0,0.037000000000000005,21.0,12.0,40.0
1060,1,12.2,0.0,3.0,49.0,1071.0,,,,36.0
1061,15,20.9,0.0,4.2,33.0,1598.0,0.055999999999999994,65.0,29.0,143.0
1062,16,22.8,0.0,1.1,37.0,1296.0,0.039,36.0,30.0,150.0
1063,2,8.4,0.0,2.0,68.0,1923.0,0.033,55.0,18.0,21.0
1064,21,18.8,0.0,2.2,34.0,2000.0,0.04,32.0,14.0,217.0
1065,14,21.0,0.0,2.1,71.0,575.0,0.039,74.0,43.0,88.0
1066,3,14.3,0.0,1.4,38.0,2000.0,0.004,50.0,35.0,19.0
1067,5,13.2,0.0,1.0,81.0,722.0,0.019,51.0,24.0,13.0
1068,2,17.7,0.0,2.1,54.0,1609.0,0.055,48.0,31.0,53.0
1069,4,12.8,0.0,1.9,76.0,407.0,0.036000000000000004,68.0,42.0,15.0
1070,7,7.6,0.0,0.2,76.0,1677.0,0.01,49.0,22.0,77.0
1071,8,10.0,1.0,3.5,99.0,106.0,0.028999999999999998,26.0,24.0,41.0
1072,8,14.3,0.0,0.6,69.0,493.0,0.061,87.0,52.0,33.0
1073,10,18.2,0.0,2.4,60.0,527.0,,,,66.0
1074,15,27.4,0.0,3.7,28.0,1237.0,0.091,,,318.0
1075,5,9.9,0.0,1.1,82.0,412.0,0.023,55.0,49.0,11.0
1076,11,22.9,0.0,2.1,31.0,1947.0,0.04,25.0,18.0,127.0
1077,5,12.8,0.0,0.3,74.0,1333.0,0.006,36.0,20.0,14.0
1078,4,8.0,0.0,0.5,66.0,1993.0,0.031,84.0,22.0,11.0
1079,1,19.0,0.0,0.6,78.0,258.0,,,,46.0
1080,2,15.6,0.0,0.8,71.0,1908.0,0.03,33.0,19.0,44.0
1081,9,11.2,0.0,1.8,44.0,1901.0,0.022000000000000002,30.0,18.0,121.0
1082,11,22.7,0.0,4.7,41.0,1781.0,0.048,38.0,21.0,85.0
1083,18,23.7,0.0,6.4,49.0,1967.0,0.048,38.0,20.0,304.0
1084,1,16.6,0.0,2.1,35.0,2000.0,,,,62.0
1085,23,8.1,0.0,2.7,54.0,946.0,0.04,75.0,64.0,57.0
1086,0,13.8,0.0,3.2,69.0,518.0,0.042,79.0,46.0,46.0
1087,5,16.5,0.0,1.1,56.0,2000.0,0.033,36.0,24.0,16.0
1088,15,22.2,0.0,4.9,56.0,1501.0,0.057999999999999996,46.0,24.0,11.0
1089,14,20.4,0.0,3.6,12.0,2000.0,0.047,23.0,13.0,108.0
1090,12,26.1,0.0,2.4,36.0,1562.0,0.043,52.0,31.0,141.0
1091,12,21.8,0.0,3.6,47.0,1903.0,0.055999999999999994,34.0,21.0,147.0
1092,3,12.2,0.0,2.9,41.0,2000.0,0.042,34.0,27.0,17.0
1093,16,21.4,0.0,3.8,21.0,1022.0,0.076,74.0,67.0,110.0
1094,16,14.8,0.0,3.8,29.0,2000.0,0.054000000000000006,31.0,27.0,172.0
1095,10,16.6,0.0,3.1,53.0,1945.0,0.027000000000000003,76.0,14.0,89.0
1096,7,14.7,0.0,2.1,54.0,2000.0,0.024,31.0,23.0,18.0
1097,1,17.7,0.0,1.0,43.0,1338.0,,,,69.0
1098,15,24.2,0.0,5.0,30.0,1937.0,0.067,48.0,25.0,140.0
1099,7,18.7,0.0,2.0,69.0,915.0,,,,127.0
1100,4,13.5,0.0,1.3,81.0,896.0,0.032,34.0,21.0,16.0
1101,3,18.8,0.0,0.5,54.0,2000.0,0.019,29.0,22.0,34.0
1102,17,23.5,0.0,4.1,17.0,2000.0,0.066,39.0,21.0,300.0
1103,22,12.3,0.0,2.3,63.0,1249.0,0.033,69.0,26.0,122.0
1104,19,22.3,0.0,1.1,36.0,2000.0,0.055999999999999994,54.0,28.0,213.0
1105,18,16.8,0.0,3.6,49.0,1730.0,0.05,71.0,25.0,273.0
1106,20,17.4,0.0,3.5,30.0,1815.0,0.055999999999999994,72.0,41.0,135.0
1107,10,14.2,0.0,1.8,51.0,990.0,0.042,58.0,30.0,101.0
1108,6,17.3,0.0,1.2,90.0,533.0,0.021,26.0,20.0,37.0
1109,16,19.0,0.0,3.2,22.0,1285.0,0.067,71.0,59.0,125.0
1110,5,9.2,0.0,1.8,53.0,2000.0,0.036000000000000004,31.0,18.0,8.0
1111,13,18.6,0.0,6.0,43.0,1980.0,0.046,58.0,16.0,188.0
1112,23,17.3,0.0,2.9,37.0,1325.0,0.063,63.0,35.0,102.0
1113,17,21.1,0.0,3.1,47.0,1973.0,0.046,38.0,17.0,170.0
1114,20,19.6,0.0,1.7,66.0,1142.0,0.053,54.0,33.0,171.0
1115,1,15.3,0.0,1.4,77.0,1542.0,,,,41.0
1116,15,18.8,0.0,3.8,41.0,1632.0,0.043,78.0,26.0,119.0
1117,12,18.7,0.0,4.6,34.0,1812.0,0.045,51.0,22.0,125.0
1118,2,8.8,0.0,2.3,68.0,1910.0,0.031,84.0,14.0,23.0
1119,11,24.0,0.0,1.5,48.0,1303.0,0.017,45.0,28.0,92.0
1120,9,17.6,0.0,0.9,47.0,1892.0,0.013000000000000001,36.0,22.0,121.0
1121,20,14.5,0.0,2.9,54.0,1707.0,0.028999999999999998,79.0,25.0,150.0
1122,14,26.4,0.0,2.1,28.0,1731.0,0.045,59.0,34.0,149.0
1123,1,16.2,0.0,2.8,51.0,919.0,,,,62.0
1124,13,19.1,0.0,5.2,18.0,1450.0,0.044000000000000004,165.0,17.0,87.0
1125,18,24.8,0.0,3.6,33.0,1262.0,0.084,113.0,49.0,303.0
1126,20,22.6,0.0,2.3,43.0,1963.0,0.034,54.0,29.0,218.0
1127,9,15.1,0.0,4.2,63.0,1849.0,0.027999999999999997,39.0,21.0,118.0
1128,0,19.1,0.0,1.4,61.0,2000.0,0.016,28.0,17.0,94.0
1129,16,27.5,0.0,5.0,24.0,1916.0,0.067,45.0,27.0,148.0
1130,15,19.6,0.0,4.1,53.0,1995.0,0.040999999999999995,39.0,13.0,125.0
1131,7,10.1,0.0,0.8,84.0,757.0,0.019,40.0,33.0,100.0
1132,16,18.4,1.0,8.0,77.0,1006.0,0.06,61.0,27.0,46.0
1133,12,18.6,0.0,1.4,57.0,788.0,0.042,74.0,43.0,116.0
1134,6,4.9,0.0,1.5,67.0,746.0,0.04,67.0,63.0,24.0
1135,12,18.1,0.0,3.5,17.0,1996.0,0.046,34.0,17.0,137.0
1136,8,7.7,0.0,1.5,66.0,1695.0,0.01,76.0,19.0,184.0
1137,3,19.4,0.0,2.7,59.0,1529.0,0.025,65.0,31.0,32.0
1138,5,18.3,0.0,1.9,54.0,2000.0,0.009000000000000001,30.0,21.0,22.0
1139,5,15.3,0.0,1.8,52.0,1363.0,0.04,65.0,39.0,16.0
1140,10,21.5,0.0,1.1,65.0,1302.0,0.02,27.0,18.0,87.0
1141,6,13.9,0.0,0.7,79.0,1382.0,0.033,32.0,19.0,26.0
1142,17,20.1,0.0,4.5,25.0,2000.0,,58.0,29.0,236.0
1143,15,18.5,0.0,4.1,24.0,849.0,0.064,92.0,83.0,78.0
1144,9,8.7,0.0,1.7,63.0,1483.0,0.012,67.0,34.0,92.0
1145,9,11.3,0.0,1.4,90.0,230.0,0.018000000000000002,67.0,59.0,43.0
1146,16,20.5,0.0,4.2,36.0,2000.0,0.055,20.0,14.0,302.0
1147,10,14.7,0.0,1.8,66.0,668.0,0.046,69.0,38.0,66.0
1148,6,11.6,0.0,2.0,73.0,636.0,0.03,67.0,40.0,36.0
1149,17,19.9,0.0,4.5,34.0,1822.0,0.059000000000000004,53.0,33.0,154.0
1150,5,19.0,0.0,1.7,65.0,517.0,0.035,94.0,55.0,14.0
1151,10,11.7,0.0,1.0,34.0,914.0,0.009000000000000001,90.0,70.0,65.0
1152,10,14.4,0.0,3.1,32.0,1767.0,0.028999999999999998,42.0,22.0,79.0
1153,4,13.8,0.0,0.2,86.0,230.0,0.057,103.0,58.0,11.0
1154,10,20.4,0.0,1.7,39.0,1631.0,0.023,39.0,22.0,101.0
1155,14,19.4,0.0,5.7,40.0,1971.0,0.05,61.0,16.0,268.0
1156,6,16.2,0.0,2.0,61.0,1721.0,0.028999999999999998,35.0,26.0,19.0
1157,12,18.3,0.0,5.3,37.0,1992.0,0.045,48.0,11.0,125.0
1158,22,14.3,0.0,1.7,72.0,820.0,0.006,60.0,45.0,108.0
1159,4,11.7,0.0,2.4,40.0,2000.0,0.042,33.0,25.0,5.0
1160,22,21.9,0.0,3.1,65.0,1070.0,0.059000000000000004,64.0,37.0,216.0
1161,3,8.5,0.0,1.1,54.0,848.0,0.006999999999999999,81.0,73.0,8.0
1162,13,21.2,0.0,4.2,26.0,1542.0,0.055999999999999994,129.0,27.0,108.0
1163,2,11.3,0.0,1.6,71.0,791.0,0.027000000000000003,74.0,34.0,66.0
1164,17,25.7,0.0,3.5,35.0,1951.0,0.069,51.0,27.0,200.0
1165,12,25.6,0.0,1.8,29.0,869.0,0.032,73.0,33.0,129.0
1166,0,20.6,0.0,2.0,71.0,827.0,0.047,60.0,35.0,80.0
