building_id,meter_reading
575,0
585,0
609,0
652,0
597,0
575,0
620,0
631,0
641,0
652,0
598,0
610,0
632,0
609,0
631,0
586,0
598,0
610,0
622,0
586,0
632,0
643,0
575,0
598,0
609,0
641,0
585,0
597,0
631,0
586,0
622,0
653,0
655,0
575,0
609,0
620,0
653,0
575,0
632,0
653,0
620,0
641,0
652,0
575,0
585,0
609,0
622,0
575,0
641,0
585,0
622,0
654,0
585,0
597,0
620,0
631,0
641,0
575,0
597,0
609,0
631,0
652,0
575,0
653,0
597,0
609,0
609,0
575,0
610,0
575,0
597,0
620,0
585,0
641,0
652,0
652,0
575,0
622,0
575,0
585,0
610,0
654,0
620,0
631,0
575,0
620,0
585,0
585,0
597,0
620,0
641,0
575,0
585,0
585,0
609,0
631,0
641,0
652,0
597,0
641,0
598,0
585,0
597,0
632,0
653,0
575,0
585,0
641,0
652,0
575,0
597,0
609,0
620,0
652,0
585,0
597,0
641,0
585,0
653,0
585,0
619,0
630,0
640,0
585,0
630,0
651,0
585,0
640,0
585,0
619,0
596,0
630,0
585,0
596,0
619,0
575,0
585,0
608,0
608,0
651,0
651,0
575,0
596,0
630,0
651,0
631,0
586,0
585,0
630,0
575,0
597,0
641,0
652,0
585,0
608,0
619,0
630,0
575,0
609,0
631,0
575,0
585,0
630,0
640,0
596,0
640,0
575,0
585,0
596,0
630,0
575,0
585,0
620,0
596,0
608,0
619,0
630,0
651,0
585,0
650,0
585,0
629,0
608,0
618,0
639,0
575,0
585,0
618,0
629,0
596,0
585,0
652,0
596,0
619,0
640,0
619,0
630,0
640,0
575,0
585,0
629,0
650,0
652,0
608,0
630,0
640,0
575,0
608,0
575,0
575,0
629,0
585,0
629,0
617,0
596,0
575,0
629,0
607,0
575,0
651,0
640,0
651,0
607,0
575,0
617,0
630,0
651,0
575,0
585,0
575,0
630,0
651,0
596,0
630,0
585,0
640,0
607,0
630,0
585,0
617,0
640,0
607,0
617,0
585,0
631,0
641,0
618,0
608,0
575,0
640,0
617,0
640,0
617,0
630,0
640,0
597,0
597,0
631,0
641,0
652,0
608,0
575,0
585,0
617,0
640,0
575,0
617,0
630,0
640,0
597,0
652,0
618,0
641,0
596,0
575,0
631,0
652,0
586,0
575,0
631,0
641,0
596,0
575,0
650,0
596,0
630,0
607,0
630,0
608,0
630,0
631,0
641,0
608,0
585,0
596,0
641,0
652,0
596,0
641,0
608,0
585,0
652,0
652,0
608,0
585,0
641,0
652,0
597,0
585,0
631,0
641,0
596,0
641,0
596,0
641,0
652,0
596,0
608,0
597,0
653,0
575,0
631,0
575,0
585,0
641,0
596,0
575,0
585,0
652,0
596,0
608,0
631,0
652,0
652,0
575,0
631,0
641,0
596,0
575,0
585,0
631,0
585,0
652,0
631,0
618,0
596,0
608,0
631,0
596,0
585,0
641,0
652,0
608,0
585,0
641,0
618,0
631,0
641,0
652,0
618,0
575,0
585,0
609,0
575,0
652,0
608,0
596,0
653,0
619,0
575,0
618,0
596,0
575,0
585,0
631,0
641,0
618,0
575,0
652,0
618,0
608,0
596,0
585,0
652,0
608,0
609,0
653,0
619,0
609,0
586,0
575,0
586,0
632,0
653,0
585,0
641,0
618,0
585,0
618,0
609,0
586,0
596,0
631,0
608,0
652,0
631,0
618,0
596,0
608,0
641,0
652,0
596,0
585,0
631,0
596,0
631,0
618,0
585,0
631,0
618,0
641,0
585,0
652,0
575,0
585,0
596,0
575,0
631,0
575,0
585,0
641,0
652,0
618,0
596,0
641,0
618,0
608,0
585,0
631,0
618,0
608,0
575,0
586,0
608,0
607,0
575,0
631,0
618,0
596,0
608,0
631,0
618,0
631,0
586,0
575,0
618,0
630,0
640,0
608,0
630,0
651,0
575,0
630,0
618,0
575,0
630,0
651,0
630,0
640,0
629,0
617,0
575,0
585,0
618,0
596,0
651,0
597,0
641,0
619,0
575,0
585,0
609,0
631,0
596,0
618,0
596,0
651,0
609,0
631,0
652,0
585,0
630,0
640,0
575,0
618,0
630,0
575,0
597,0
631,0
652,0
586,0
609,0
641,0
596,0
630,0
640,0
575,0
640,0
651,0
641,0
585,0
618,0
630,0
640,0
651,0
575,0
585,0
639,0
650,0
652,0
586,0
575,0
650,0
617,0
596,0
618,0
608,0
630,0
640,0
651,0
618,0
617,0
638,0
607,0
618,0
629,0
608,0
575,0
629,0
650,0
596,0
617,0
628,0
639,0
565,0
618,0
608,0
585,0
629,0
650,0
608,0
585,0
565,0
608,0
629,0
639,0
608,0
649,0
619,0
575,0
618,0
649,0
565,0
618,0
639,0
575,0
585,0
618,0
629,0
608,0
596,0
585,0
629,0
649,0
627,0
596,0
607,0
565,0
575,0
596,0
638,0
608,0
648,0
628,0
609,0
565,0
608,0
619,0
575,0
638,0
575,0
585,0
618,0
565,0
608,0
575,0
648,0
618,0
565,0
608,0
627,0
595,0
565,0
585,0
596,0
648,0
618,0
628,0
618,0
608,0
575,0
586,0
610,0
630,0
575,0
619,0
648,0
596,0
575,0
609,0
586,0
639,0
649,0
585,0
637,0
647,0
629,0
619,0
648,0
638,0
596,0
608,0
595,0
575,0
618,0
607,0
585,0
575,0
617,0
647,0
648,0
595,0
638,0
565,0
608,0
616,0
565,0
626,0
575,0
606,0
575,0
626,0
646,0
646,0
575,0
616,0
636,0
575,0
585,0
595,0
565,0
626,0
636,0
585,0
616,0
595,0
646,0
575,0
636,0
616,0
595,0
565,0
626,0
646,0
575,0
636,0
595,0
606,0
646,0
586,0
639,0
586,0
627,0
647,0
575,0
585,0
595,0
646,0
626,0
595,0
595,0
646,0
596,0
647,0
595,0
626,0
595,0
637,0
617,0
647,0
575,0
595,0
575,0
627,0
575,0
585,0
627,0
565,0
565,0
646,0
575,0
575,0
585,0
585,0
636,0
575,0
585,0
616,0
595,0
565,0
636,0
627,0
565,0
596,0
606,0
565,0
646,0
575,0
565,0
595,0
617,0
647,0
607,0
618,0
596,0
609,0
639,0
619,0
641,0
586,0
575,0
565,0
647,0
575,0
617,0
637,0
627,0
637,0
617,0
609,0
629,0
639,0
649,0
627,0
607,0
585,0
637,0
585,0
647,0
575,0
565,0
647,0
607,0
575,0
618,0
575,0
648,0
628,0
638,0
618,0
575,0
565,0
585,0
595,0
565,0
585,0
627,0
575,0
585,0
617,0
565,0
586,0
648,0
575,0
617,0
616,0
606,0
565,0
626,0
606,0
565,0
626,0
636,0
585,0
595,0
647,0
606,0
636,0
646,0
575,0
585,0
565,0
575,0
617,0
596,0
647,0
607,0
575,0
616,0
595,0
565,0
646,0
575,0
565,0
626,0
646,0
596,0
637,0
606,0
565,0
626,0
575,0
616,0
565,0
636,0
585,0
636,0
565,0
647,0
585,0
616,0
637,0
595,0
565,0
626,0
646,0
575,0
585,0
626,0
627,0
627,0
617,0
596,0
607,0
585,0
616,0
606,0
626,0
575,0
617,0
575,0
627,0
637,0
565,0
647,0
617,0
606,0
626,0
575,0
606,0
626,0
646,0
575,0
616,0
606,0
565,0
626,0
646,0
595,0
626,0
636,0
575,0
606,0
586,0
617,0
575,0
616,0
636,0
565,0
636,0
575,0
595,0
626,0
586,0
637,0
617,0
606,0
575,0
636,0
646,0
655,0
565,0
595,0
595,0
655,0
595,0
655,0
625,0
635,0
615,0
575,0
625,0
635,0
635,0
655,0
615,0
655,0
625,0
645,0
645,0
595,0
575,0
655,0
635,0
565,0
575,0
616,0
626,0
585,0
625,0
615,0
636,0
585,0
606,0
575,0
585,0
625,0
605,0
585,0
625,0
565,0
655,0
625,0
595,0
635,0
615,0
575,0
595,0
625,0
615,0
585,0
595,0
655,0
625,0
635,0
645,0
616,0
626,0
575,0
585,0
595,0
635,0
645,0
605,0
655,0
585,0
595,0
635,0
605,0
615,0
646,0
625,0
635,0
605,0
565,0
606,0
596,0
595,0
655,0
605,0
575,0
606,0
565,0
636,0
646,0
606,0
636,0
575,0
625,0
605,0
565,0
585,0
655,0
625,0
605,0
615,0
585,0
655,0
605,0
615,0
575,0
635,0
615,0
575,0
595,0
615,0
585,0
625,0
575,0
595,0
655,0
605,0
615,0
595,0
635,0
585,0
595,0
595,0
625,0
585,0
635,0
615,0
575,0
585,0
605,0
565,0
625,0
655,0
635,0
645,0
597,0
620,0
631,0
641,0
652,0
585,0
597,0
609,0
597,0
620,0
631,0
574,0
597,0
641,0
652,0
574,0
585,0
597,0
609,0
620,0
652,0
574,0
609,0
631,0
641,0
585,0
574,0
597,0
631,0
641,0
574,0
596,0
619,0
585,0
608,0
630,0
640,0
585,0
619,0
651,0
608,0
619,0
640,0
651,0
585,0
608,0
619,0
640,0
585,0
639,0
650,0
608,0
585,0
629,0
630,0
640,0
607,0
617,0
640,0
585,0
617,0
651,0
617,0
630,0
585,0
641,0
574,0
585,0
631,0
596,0
574,0
654,0
574,0
585,0
574,0
585,0
652,0
608,0
585,0
631,0
641,0
652,0
596,0
585,0
641,0
618,0
608,0
585,0
585,0
618,0
596,0
640,0
651,0
585,0
618,0
608,0
630,0
618,0
585,0
618,0
608,0
574,0
618,0
629,0
639,0
574,0
574,0
596,0
648,0
628,0
638,0
638,0
596,0
650,0
585,0
627,0
647,0
616,0
616,0
574,0
585,0
606,0
585,0
597,0
631,0
652,0
574,0
641,0
652,0
611,0
621,0
585,0
585,0
595,0
606,0
595,0
585,0
637,0
607,0
616,0
646,0
585,0
574,0
605,0
615,0
605,0
574,0
635,0
645,0
585,0
595,0
625,0
635,0
645,0
605,0
615,0
597,0
574,0
584,0
609,0
620,0
609,0
652,0
597,0
609,0
620,0
641,0
586,0
597,0
652,0
609,0
652,0
576,0
609,0
641,0
586,0
620,0
641,0
652,0
576,0
586,0
597,0
609,0
631,0
641,0
620,0
631,0
576,0
631,0
631,0
652,0
620,0
631,0
597,0
620,0
609,0
597,0
620,0
652,0
586,0
597,0
576,0
630,0
651,0
586,0
630,0
640,0
597,0
609,0
619,0
597,0
609,0
586,0
651,0
597,0
576,0
586,0
631,0
641,0
609,0
651,0
631,0
586,0
653,0
597,0
653,0
630,0
640,0
597,0
619,0
630,0
640,0
597,0
576,0
586,0
618,0
630,0
651,0
651,0
586,0
651,0
586,0
619,0
597,0
631,0
652,0
608,0
653,0
608,0
641,0
576,0
618,0
619,0
609,0
576,0
631,0
652,0
631,0
652,0
576,0
586,0
608,0
597,0
608,0
597,0
576,0
597,0
641,0
608,0
597,0
631,0
652,0
609,0
619,0
618,0
608,0
608,0
620,0
576,0
609,0
576,0
632,0
586,0
652,0
618,0
632,0
653,0
576,0
597,0
609,0
576,0
653,0
619,0
586,0
632,0
653,0
619,0
576,0
643,0
609,0
619,0
597,0
586,0
632,0
653,0
619,0
576,0
586,0
576,0
632,0
632,0
653,0
609,0
586,0
632,0
586,0
632,0
576,0
609,0
586,0
632,0
609,0
653,0
576,0
655,0
609,0
576,0
632,0
619,0
609,0
576,0
653,0
619,0
620,0
576,0
633,0
609,0
576,0
653,0
576,0
586,0
619,0
619,0
609,0
653,0
619,0
576,0
586,0
597,0
609,0
597,0
586,0
597,0
609,0
586,0
597,0
609,0
586,0
653,0
597,0
597,0
609,0
586,0
632,0
586,0
632,0
576,0
576,0
619,0
609,0
653,0
632,0
576,0
632,0
609,0
586,0
654,0
609,0
652,0
619,0
641,0
652,0
618,0
640,0
609,0
631,0
597,0
641,0
652,0
576,0
619,0
609,0
609,0
586,0
620,0
610,0
653,0
652,0
586,0
641,0
619,0
586,0
597,0
609,0
576,0
609,0
641,0
576,0
597,0
631,0
641,0
586,0
631,0
576,0
619,0
609,0
641,0
619,0
641,0
597,0
576,0
597,0
641,0
652,0
619,0
586,0
618,0
630,0
641,0
586,0
641,0
576,0
608,0
630,0
640,0
651,0
631,0
586,0
619,0
597,0
631,0
576,0
565,0
608,0
640,0
597,0
576,0
565,0
630,0
651,0
618,0
639,0
608,0
586,0
566,0
630,0
640,0
609,0
651,0
609,0
586,0
640,0
597,0
566,0
651,0
576,0
618,0
629,0
566,0
576,0
586,0
566,0
586,0
640,0
576,0
566,0
640,0
639,0
608,0
619,0
586,0
566,0
630,0
609,0
586,0
619,0
586,0
650,0
639,0
649,0
619,0
597,0
621,0
597,0
586,0
650,0
640,0
597,0
586,0
650,0
649,0
619,0
629,0
649,0
576,0
629,0
597,0
649,0
619,0
597,0
629,0
576,0
619,0
597,0
620,0
586,0
565,0
629,0
649,0
609,0
629,0
639,0
566,0
587,0
619,0
629,0
567,0
649,0
577,0
567,0
639,0
609,0
629,0
649,0
587,0
567,0
629,0
639,0
577,0
587,0
576,0
566,0
576,0
639,0
587,0
576,0
566,0
608,0
597,0
648,0
628,0
587,0
597,0
577,0
567,0
577,0
638,0
618,0
628,0
576,0
587,0
597,0
628,0
587,0
608,0
648,0
629,0
597,0
608,0
597,0
648,0
566,0
587,0
619,0
576,0
648,0
566,0
628,0
587,0
628,0
597,0
609,0
577,0
597,0
648,0
638,0
577,0
587,0
608,0
567,0
628,0
638,0
577,0
628,0
608,0
597,0
577,0
608,0
597,0
609,0
639,0
619,0
649,0
608,0
648,0
638,0
567,0
576,0
648,0
566,0
597,0
648,0
628,0
638,0
577,0
597,0
577,0
629,0
577,0
587,0
567,0
577,0
629,0
649,0
629,0
649,0
577,0
619,0
620,0
650,0
630,0
567,0
597,0
567,0
629,0
639,0
577,0
587,0
629,0
639,0
650,0
587,0
629,0
639,0
649,0
597,0
619,0
567,0
597,0
639,0
566,0
649,0
629,0
649,0
577,0
567,0
609,0
649,0
587,0
567,0
609,0
649,0
597,0
648,0
618,0
628,0
638,0
608,0
567,0
587,0
567,0
597,0
587,0
640,0
567,0
609,0
649,0
597,0
620,0
567,0
597,0
610,0
630,0
609,0
629,0
629,0
639,0
567,0
649,0
597,0
609,0
639,0
649,0
649,0
649,0
587,0
619,0
609,0
597,0
639,0
566,0
649,0
619,0
597,0
629,0
639,0
577,0
609,0
649,0
587,0
609,0
576,0
639,0
587,0
609,0
619,0
567,0
597,0
628,0
587,0
567,0
648,0
608,0
648,0
618,0
587,0
577,0
608,0
628,0
577,0
608,0
628,0
638,0
618,0
638,0
597,0
618,0
577,0
567,0
628,0
638,0
597,0
618,0
628,0
618,0
638,0
577,0
648,0
628,0
638,0
608,0
597,0
618,0
628,0
577,0
608,0
587,0
608,0
648,0
638,0
577,0
587,0
608,0
648,0
628,0
638,0
618,0
628,0
638,0
618,0
628,0
587,0
567,0
587,0
608,0
638,0
567,0
597,0
587,0
608,0
628,0
638,0
577,0
567,0
597,0
648,0
638,0
567,0
597,0
628,0
577,0
608,0
628,0
638,0
597,0
648,0
577,0
587,0
577,0
587,0
567,0
597,0
638,0
597,0
639,0
649,0
587,0
567,0
648,0
618,0
628,0
567,0
587,0
627,0
597,0
617,0
587,0
607,0
567,0
627,0
637,0
577,0
587,0
647,0
637,0
597,0
577,0
627,0
648,0
638,0
577,0
607,0
567,0
617,0
607,0
567,0
597,0
627,0
567,0
597,0
597,0
577,0
597,0
627,0
648,0
567,0
577,0
647,0
597,0
627,0
577,0
597,0
587,0
607,0
627,0
577,0
587,0
637,0
577,0
607,0
597,0
627,0
577,0
627,0
637,0
607,0
597,0
627,0
567,0
627,0
587,0
617,0
577,0
607,0
567,0
607,0
567,0
641,0
596,0
596,0
609,0
598,0
641,0
619,0
565,0
619,0
609,0
631,0
587,0
619,0
641,0
565,0
633,0
609,0
655,0
565,0
609,0
655,0
577,0
587,0
633,0
598,0
653,0
565,0
619,0
609,0
598,0
653,0
587,0
632,0
619,0
565,0
609,0
632,0
565,0
609,0
598,0
565,0
577,0
587,0
619,0
576,0
587,0
619,0
653,0
619,0
609,0
598,0
587,0
619,0
632,0
565,0
619,0
609,0
598,0
565,0
598,0
632,0
598,0
587,0
609,0
565,0
587,0
609,0
598,0
577,0
619,0
598,0
565,0
632,0
598,0
587,0
632,0
577,0
598,0
632,0
653,0
565,0
587,0
619,0
641,0
619,0
565,0
619,0
565,0
619,0
652,0
565,0
650,0
587,0
630,0
640,0
609,0
576,0
639,0
587,0
567,0
639,0
649,0
596,0
630,0
609,0
620,0
609,0
639,0
649,0
619,0
567,0
609,0
588,0
619,0
568,0
609,0
629,0
588,0
619,0
629,0
649,0
619,0
609,0
620,0
598,0
578,0
588,0
630,0
609,0
629,0
629,0
649,0
598,0
629,0
578,0
619,0
598,0
629,0
639,0
598,0
578,0
588,0
568,0
598,0
578,0
588,0
609,0
598,0
588,0
619,0
639,0
619,0
568,0
609,0
639,0
578,0
598,0
578,0
598,0
639,0
619,0
629,0
578,0
649,0
619,0
568,0
598,0
639,0
649,0
598,0
639,0
578,0
609,0
588,0
649,0
650,0
578,0
578,0
568,0
576,0
598,0
578,0
568,0
588,0
649,0
598,0
629,0
629,0
578,0
588,0
598,0
629,0
639,0
578,0
649,0
568,0
578,0
588,0
649,0
568,0
639,0
649,0
568,0
598,0
588,0
649,0
629,0
578,0
609,0
598,0
629,0
588,0
568,0
598,0
639,0
568,0
629,0
567,0
609,0
577,0
567,0
609,0
598,0
578,0
588,0
598,0
578,0
609,0
598,0
629,0
588,0
649,0
619,0
568,0
598,0
629,0
588,0
619,0
609,0
629,0
588,0
649,0
588,0
649,0
629,0
649,0
598,0
609,0
578,0
588,0
609,0
629,0
639,0
619,0
568,0
629,0
578,0
629,0
639,0
649,0
639,0
578,0
649,0
609,0
598,0
568,0
619,0
609,0
578,0
609,0
598,0
639,0
588,0
649,0
619,0
568,0
649,0
609,0
598,0
649,0
609,0
639,0
589,0
649,0
569,0
629,0
639,0
649,0
629,0
639,0
589,0
649,0
569,0
569,0
639,0
569,0
609,0
649,0
599,0
619,0
579,0
609,0
569,0
609,0
639,0
649,0
609,0
599,0
569,0
579,0
609,0
589,0
619,0
569,0
629,0
639,0
629,0
639,0
589,0
569,0
599,0
569,0
609,0
578,0
629,0
650,0
640,0
569,0
609,0
629,0
639,0
599,0
629,0
639,0
619,0
579,0
609,0
629,0
639,0
578,0
599,0
589,0
599,0
619,0
569,0
609,0
639,0
569,0
619,0
639,0
569,0
579,0
629,0
589,0
649,0
569,0
629,0
639,0
589,0
649,0
599,0
619,0
609,0
619,0
569,0
629,0
639,0
589,0
629,0
649,0
569,0
579,0
619,0
569,0
609,0
629,0
589,0
649,0
599,0
619,0
609,0
629,0
589,0
619,0
599,0
569,0
639,0
589,0
599,0
619,0
639,0
589,0
599,0
569,0
579,0
641,0
596,0
631,0
652,0
584,0
596,0
608,0
641,0
596,0
608,0
631,0
598,0
631,0
565,0
631,0
610,0
631,0
641,0
610,0
565,0
587,0
641,0
652,0
641,0
652,0
587,0
631,0
652,0
598,0
610,0
620,0
631,0
652,0
598,0
587,0
620,0
610,0
632,0
578,0
610,0
653,0
566,0
653,0
588,0
620,0
599,0
566,0
620,0
578,0
620,0
632,0
578,0
588,0
620,0
632,0
566,0
578,0
599,0
620,0
610,0
599,0
643,0
566,0
633,0
643,0
654,0
610,0
633,0
643,0
565,0
599,0
654,0
566,0
588,0
655,0
643,0
610,0
577,0
633,0
654,0
620,0
587,0
633,0
654,0
565,0
643,0
610,0
599,0
620,0
654,0
620,0
566,0
588,0
633,0
643,0
654,0
620,0
610,0
599,0
643,0
620,0
610,0
578,0
620,0
578,0
610,0
588,0
620,0
610,0
588,0
654,0
610,0
643,0
598,0
587,0
633,0
610,0
577,0
577,0
633,0
643,0
578,0
588,0
633,0
643,0
654,0
610,0
620,0
588,0
599,0
633,0
654,0
620,0
633,0
577,0
587,0
643,0
610,0
633,0
654,0
565,0
633,0
643,0
598,0
565,0
633,0
643,0
654,0
610,0
565,0
577,0
587,0
620,0
587,0
633,0
654,0
565,0
643,0
620,0
610,0
577,0
587,0
620,0
576,0
643,0
620,0
576,0
633,0
643,0
587,0
643,0
610,0
633,0
620,0
598,0
633,0
620,0
610,0
565,0
610,0
655,0
577,0
587,0
633,0
620,0
587,0
577,0
620,0
654,0
610,0
577,0
565,0
577,0
587,0
610,0
598,0
576,0
587,0
654,0
598,0
577,0
598,0
587,0
633,0
643,0
620,0
587,0
643,0
654,0
577,0
643,0
654,0
620,0
587,0
633,0
620,0
576,0
610,0
654,0
620,0
565,0
633,0
654,0
587,0
654,0
620,0
633,0
576,0
610,0
587,0
654,0
620,0
610,0
643,0
577,0
577,0
598,0
610,0
565,0
643,0
610,0
643,0
654,0
565,0
587,0
610,0
588,0
565,0
577,0
633,0
654,0
610,0
588,0
633,0
643,0
654,0
620,0
610,0
632,0
653,0
565,0
577,0
587,0
598,0
632,0
653,0
620,0
598,0
610,0
565,0
620,0
598,0
610,0
653,0
565,0
610,0
632,0
653,0
565,0
577,0
620,0
653,0
587,0
632,0
565,0
610,0
566,0
599,0
598,0
610,0
587,0
632,0
578,0
599,0
598,0
610,0
587,0
620,0
587,0
653,0
599,0
620,0
632,0
566,0
578,0
599,0
610,0
565,0
587,0
598,0
632,0
565,0
610,0
566,0
588,0
610,0
565,0
610,0
576,0
587,0
620,0
620,0
610,0
566,0
578,0
610,0
610,0
577,0
632,0
577,0
610,0
578,0
588,0
620,0
610,0
598,0
653,0
653,0
599,0
620,0
641,0
566,0
641,0
652,0
641,0
566,0
641,0
610,0
566,0
577,0
599,0
578,0
631,0
578,0
599,0
620,0
566,0
587,0
620,0
631,0
598,0
620,0
641,0
598,0
587,0
577,0
651,0
598,0
620,0
598,0
610,0
577,0
651,0
587,0
598,0
610,0
577,0
630,0
576,0
567,0
620,0
610,0
577,0
567,0
620,0
610,0
587,0
640,0
598,0
630,0
610,0
577,0
587,0
640,0
567,0
610,0
587,0
598,0
577,0
650,0
588,0
640,0
620,0
610,0
630,0
640,0
568,0
598,0
578,0
588,0
640,0
630,0
640,0
610,0
578,0
620,0
610,0
640,0
650,0
568,0
599,0
579,0
610,0
578,0
600,0
590,0
630,0
579,0
589,0
599,0
640,0
569,0
631,0
641,0
599,0
651,0
569,0
650,0
599,0
569,0
579,0
610,0
579,0
589,0
640,0
650,0
640,0
640,0
610,0
630,0
620,0
650,0
630,0
569,0
610,0
579,0
620,0
610,0
650,0
640,0
579,0
650,0
599,0
630,0
568,0
589,0
599,0
620,0
640,0
640,0
568,0
610,0
630,0
640,0
567,0
650,0
630,0
640,0
650,0
630,0
568,0
598,0
650,0
640,0
568,0
598,0
610,0
578,0
588,0
630,0
650,0
610,0
568,0
620,0
650,0
578,0
588,0
598,0
640,0
598,0
651,0
620,0
610,0
588,0
640,0
630,0
651,0
620,0
620,0
610,0
630,0
630,0
610,0
610,0
651,0
588,0
640,0
598,0
610,0
577,0
630,0
620,0
610,0
578,0
630,0
620,0
588,0
640,0
568,0
620,0
610,0
650,0
588,0
568,0
578,0
630,0
620,0
630,0
568,0
610,0
578,0
640,0
650,0
640,0
568,0
598,0
588,0
630,0
610,0
640,0
569,0
620,0
610,0
650,0
640,0
620,0
589,0
569,0
610,0
640,0
579,0
620,0
578,0
640,0
568,0
650,0
578,0
589,0
599,0
640,0
567,0
589,0
630,0
620,0
610,0
650,0
599,0
630,0
579,0
630,0
569,0
650,0
589,0
630,0
620,0
610,0
650,0
589,0
630,0
650,0
640,0
579,0
620,0
640,0
630,0
620,0
650,0
599,0
579,0
610,0
589,0
630,0
569,0
610,0
610,0
650,0
630,0
579,0
589,0
620,0
599,0
650,0
620,0
610,0
640,0
569,0
620,0
589,0
599,0
569,0
620,0
599,0
579,0
589,0
569,0
650,0
599,0
650,0
599,0
640,0
620,0
610,0
589,0
599,0
640,0
610,0
589,0
599,0
640,0
579,0
620,0
650,0
589,0
579,0
620,0
589,0
630,0
640,0
579,0
650,0
640,0
579,0
620,0
650,0
630,0
640,0
569,0
579,0
650,0
630,0
640,0
599,0
650,0
610,0
650,0
570,0
580,0
620,0
600,0
570,0
630,0
640,0
570,0
630,0
640,0
600,0
570,0
640,0
650,0
630,0
640,0
620,0
590,0
630,0
651,0
610,0
570,0
590,0
630,0
620,0
580,0
570,0
580,0
570,0
580,0
630,0
640,0
600,0
590,0
630,0
570,0
580,0
640,0
650,0
580,0
590,0
580,0
620,0
600,0
590,0
579,0
590,0
650,0
570,0
580,0
590,0
610,0
650,0
610,0
650,0
590,0
630,0
600,0
570,0
580,0
650,0
600,0
590,0
640,0
650,0
579,0
620,0
610,0
590,0
590,0
630,0
651,0
620,0
650,0
630,0
620,0
600,0
580,0
630,0
610,0
590,0
640,0
570,0
580,0
590,0
630,0
620,0
600,0
590,0
569,0
650,0
590,0
631,0
653,0
573,0
583,0
618,0
574,0
584,0
607,0
641,0
618,0
652,0
595,0
618,0
595,0
641,0
653,0
595,0
618,0
631,0
578,0
599,0
600,0
611,0
631,0
599,0
611,0
621,0
631,0
641,0
599,0
611,0
621,0
631,0
599,0
621,0
631,0
641,0
611,0
651,0
568,0
641,0
578,0
621,0
600,0
589,0
611,0
651,0
578,0
621,0
599,0
631,0
600,0
611,0
579,0
631,0
600,0
651,0
588,0
567,0
621,0
641,0
578,0
621,0
578,0
599,0
611,0
621,0
631,0
641,0
578,0
599,0
611,0
651,0
621,0
641,0
611,0
621,0
641,0
578,0
588,0
631,0
610,0
567,0
621,0
641,0
599,0
611,0
651,0
641,0
579,0
641,0
588,0
611,0
651,0
631,0
599,0
569,0
631,0
599,0
611,0
569,0
569,0
578,0
600,0
590,0
611,0
651,0
621,0
631,0
570,0
590,0
631,0
611,0
570,0
580,0
590,0
621,0
631,0
600,0
590,0
598,0
610,0
578,0
631,0
611,0
651,0
621,0
631,0
611,0
570,0
590,0
621,0
600,0
631,0
641,0
611,0
651,0
569,0
579,0
651,0
611,0
580,0
590,0
651,0
621,0
631,0
589,0
599,0
631,0
589,0
569,0
579,0
621,0
599,0
569,0
579,0
641,0
600,0
570,0
621,0
641,0
570,0
580,0
651,0
621,0
641,0
611,0
631,0
580,0
590,0
589,0
611,0
579,0
589,0
631,0
641,0
589,0
611,0
651,0
579,0
641,0
589,0
578,0
651,0
568,0
621,0
599,0
579,0
641,0
589,0
569,0
599,0
569,0
631,0
589,0
631,0
621,0
599,0
651,0
579,0
621,0
641,0
651,0
569,0
621,0
611,0
621,0
651,0
599,0
611,0
621,0
631,0
611,0
641,0
589,0
611,0
651,0
579,0
631,0
641,0
599,0
641,0
599,0
579,0
589,0
651,0
631,0
651,0
579,0
621,0
641,0
588,0
651,0
568,0
641,0
589,0
579,0
599,0
589,0
569,0
579,0
631,0
641,0
611,0
621,0
598,0
578,0
611,0
631,0
611,0
651,0
569,0
579,0
651,0
631,0
611,0
570,0
590,0
580,0
631,0
621,0
641,0
570,0
600,0
580,0
600,0
570,0
580,0
590,0
600,0
569,0
600,0
651,0
641,0
600,0
580,0
621,0
631,0
600,0
651,0
631,0
631,0
600,0
580,0
590,0
621,0
611,0
590,0
651,0
569,0
579,0
621,0
631,0
580,0
641,0
651,0
631,0
611,0
570,0
641,0
580,0
590,0
621,0
611,0
580,0
590,0
652,0
611,0
631,0
570,0
651,0
611,0
651,0
631,0
641,0
621,0
611,0
621,0
591,0
641,0
581,0
571,0
621,0
631,0
571,0
581,0
651,0
631,0
652,0
601,0
621,0
611,0
570,0
580,0
581,0
601,0
631,0
601,0
591,0
591,0
641,0
571,0
651,0
641,0
571,0
601,0
611,0
631,0
570,0
601,0
611,0
591,0
571,0
601,0
621,0
611,0
591,0
641,0
571,0
611,0
651,0
591,0
641,0
581,0
651,0
611,0
651,0
611,0
601,0
611,0
621,0
651,0
571,0
601,0
611,0
591,0
601,0
631,0
641,0
580,0
651,0
641,0
601,0
631,0
621,0
631,0
641,0
621,0
591,0
571,0
621,0
641,0
571,0
581,0
611,0
581,0
601,0
611,0
621,0
591,0
651,0
631,0
611,0
641,0
601,0
611,0
570,0
621,0
631,0
571,0
601,0
651,0
652,0
608,0
606,0
640,0
583,0
606,0
594,0
630,0
652,0
594,0
617,0
652,0
573,0
606,0
594,0
630,0
595,0
574,0
630,0
607,0
652,0
630,0
607,0
577,0
652,0
632,0
599,0
611,0
568,0
652,0
622,0
588,0
611,0
622,0
599,0
652,0
652,0
632,0
588,0
599,0
611,0
568,0
632,0
600,0
568,0
632,0
599,0
568,0
652,0
632,0
599,0
622,0
588,0
612,0
589,0
569,0
579,0
569,0
579,0
622,0
569,0
652,0
622,0
569,0
579,0
632,0
588,0
599,0
569,0
600,0
589,0
569,0
632,0
589,0
652,0
632,0
612,0
600,0
589,0
568,0
632,0
652,0
622,0
632,0
632,0
652,0
632,0
600,0
590,0
652,0
632,0
590,0
652,0
580,0
590,0
600,0
612,0
569,0
580,0
632,0
600,0
612,0
590,0
622,0
612,0
622,0
632,0
580,0
652,0
622,0
580,0
632,0
589,0
569,0
579,0
591,0
652,0
571,0
601,0
591,0
571,0
591,0
632,0
612,0
601,0
580,0
570,0
571,0
601,0
632,0
581,0
579,0
652,0
581,0
612,0
601,0
632,0
612,0
612,0
580,0
652,0
622,0
632,0
599,0
652,0
622,0
612,0
570,0
591,0
591,0
622,0
581,0
612,0
601,0
591,0
632,0
590,0
622,0
570,0
622,0
600,0
580,0
590,0
622,0
632,0
600,0
652,0
590,0
652,0
622,0
612,0
570,0
590,0
612,0
590,0
652,0
612,0
580,0
590,0
600,0
590,0
632,0
570,0
622,0
632,0
580,0
632,0
612,0
590,0
570,0
590,0
652,0
622,0
632,0
622,0
612,0
569,0
622,0
612,0
569,0
579,0
632,0
612,0
599,0
570,0
580,0
569,0
600,0
600,0
570,0
590,0
652,0
622,0
612,0
569,0
601,0
591,0
570,0
632,0
600,0
570,0
622,0
632,0
622,0
591,0
622,0
622,0
581,0
612,0
591,0
622,0
652,0
622,0
632,0
612,0
591,0
622,0
571,0
581,0
601,0
632,0
581,0
612,0
622,0
652,0
652,0
622,0
612,0
580,0
591,0
612,0
652,0
622,0
612,0
622,0
571,0
612,0
622,0
571,0
612,0
591,0
622,0
581,0
591,0
622,0
632,0
591,0
591,0
652,0
611,0
570,0
571,0
612,0
591,0
612,0
622,0
612,0
622,0
571,0
622,0
571,0
581,0
612,0
622,0
632,0
571,0
591,0
581,0
612,0
591,0
632,0
571,0
622,0
591,0
571,0
591,0
622,0
612,0
602,0
632,0
612,0
582,0
592,0
612,0
582,0
652,0
592,0
582,0
592,0
572,0
582,0
652,0
592,0
612,0
572,0
652,0
632,0
592,0
582,0
572,0
622,0
592,0
572,0
582,0
612,0
582,0
632,0
592,0
612,0
582,0
652,0
622,0
581,0
602,0
652,0
632,0
592,0
572,0
602,0
622,0
592,0
612,0
572,0
582,0
622,0
592,0
612,0
572,0
652,0
622,0
571,0
581,0
592,0
622,0
572,0
582,0
622,0
632,0
612,0
622,0
582,0
602,0
652,0
622,0
632,0
572,0
592,0
582,0
652,0
592,0
582,0
602,0
622,0
632,0
571,0
581,0
612,0
632,0
612,0
572,0
602,0
622,0
572,0
582,0
592,0
632,0
592,0
632,0
653,0
610,0
622,0
632,0
622,0
632,0
586,0
598,0
653,0
576,0
587,0
599,0
633,0
654,0
586,0
610,0
586,0
598,0
576,0
586,0
598,0
653,0
576,0
576,0
586,0
599,0
633,0
643,0
654,0
622,0
598,0
653,0
576,0
622,0
599,0
623,0
643,0
644,0
587,0
611,0
655,0
599,0
610,0
610,0
632,0
632,0
576,0
610,0
634,0
598,0
610,0
653,0
587,0
576,0
586,0
598,0
622,0
598,0
633,0
643,0
576,0
586,0
610,0
632,0
643,0
622,0
576,0
610,0
622,0
632,0
623,0
633,0
654,0
576,0
599,0
623,0
610,0
586,0
632,0
623,0
633,0
643,0
654,0
610,0
632,0
576,0
598,0
610,0
632,0
586,0
610,0
622,0
653,0
576,0
586,0
622,0
653,0
586,0
610,0
632,0
643,0
576,0
622,0
653,0
598,0
587,0
610,0
587,0
576,0
565,0
628,0
638,0
608,0
576,0
586,0
618,0
638,0
576,0
628,0
608,0
648,0
638,0
596,0
608,0
576,0
637,0
596,0
627,0
637,0
617,0
586,0
637,0
566,0
637,0
566,0
617,0
607,0
627,0
566,0
596,0
647,0
586,0
565,0
596,0
576,0
627,0
637,0
648,0
617,0
637,0
617,0
596,0
576,0
627,0
566,0
617,0
576,0
576,0
627,0
637,0
617,0
576,0
586,0
647,0
627,0
607,0
617,0
607,0
576,0
648,0
566,0
638,0
576,0
618,0
638,0
608,0
648,0
566,0
638,0
596,0
608,0
576,0
586,0
648,0
638,0
648,0
596,0
608,0
638,0
596,0
576,0
648,0
618,0
566,0
596,0
566,0
638,0
586,0
648,0
618,0
638,0
576,0
586,0
637,0
566,0
576,0
648,0
566,0
638,0
608,0
576,0
596,0
608,0
576,0
648,0
618,0
566,0
628,0
608,0
576,0
648,0
618,0
566,0
586,0
648,0
638,0
608,0
566,0
638,0
648,0
608,0
618,0
566,0
628,0
618,0
596,0
576,0
586,0
648,0
618,0
566,0
628,0
608,0
576,0
586,0
566,0
596,0
647,0
607,0
576,0
617,0
647,0
586,0
627,0
627,0
596,0
647,0
576,0
627,0
637,0
566,0
607,0
586,0
566,0
617,0
596,0
607,0
637,0
566,0
647,0
607,0
576,0
627,0
596,0
607,0
586,0
607,0
576,0
586,0
627,0
637,0
617,0
596,0
607,0
576,0
627,0
607,0
586,0
637,0
596,0
607,0
586,0
627,0
637,0
566,0
617,0
576,0
627,0
566,0
627,0
648,0
566,0
617,0
607,0
637,0
617,0
637,0
647,0
627,0
637,0
607,0
576,0
607,0
637,0
566,0
596,0
607,0
576,0
627,0
637,0
566,0
576,0
606,0
566,0
626,0
576,0
647,0
607,0
576,0
586,0
596,0
586,0
606,0
626,0
606,0
566,0
586,0
566,0
576,0
586,0
606,0
636,0
616,0
626,0
646,0
606,0
566,0
596,0
576,0
566,0
576,0
626,0
616,0
576,0
586,0
636,0
616,0
606,0
636,0
576,0
586,0
576,0
636,0
646,0
576,0
586,0
616,0
606,0
566,0
636,0
576,0
626,0
616,0
606,0
566,0
636,0
596,0
586,0
646,0
596,0
576,0
576,0
586,0
616,0
566,0
626,0
636,0
646,0
596,0
616,0
606,0
566,0
576,0
636,0
636,0
576,0
606,0
566,0
646,0
586,0
616,0
636,0
646,0
596,0
606,0
622,0
653,0
577,0
587,0
565,0
653,0
587,0
598,0
565,0
610,0
653,0
565,0
587,0
622,0
565,0
587,0
610,0
622,0
632,0
653,0
598,0
565,0
577,0
565,0
622,0
565,0
587,0
622,0
653,0
622,0
610,0
632,0
565,0
598,0
632,0
577,0
565,0
598,0
622,0
634,0
565,0
598,0
622,0
633,0
598,0
622,0
565,0
598,0
587,0
611,0
633,0
643,0
566,0
654,0
618,0
578,0
588,0
588,0
638,0
648,0
578,0
648,0
648,0
568,0
618,0
648,0
588,0
628,0
638,0
648,0
638,0
608,0
618,0
588,0
608,0
568,0
608,0
648,0
578,0
588,0
648,0
588,0
628,0
598,0
618,0
588,0
638,0
598,0
648,0
578,0
588,0
628,0
648,0
608,0
598,0
618,0
578,0
638,0
578,0
588,0
638,0
568,0
598,0
628,0
608,0
648,0
618,0
608,0
567,0
598,0
648,0
568,0
628,0
577,0
567,0
578,0
598,0
618,0
578,0
608,0
598,0
618,0
608,0
628,0
598,0
618,0
578,0
588,0
628,0
648,0
638,0
598,0
608,0
568,0
578,0
628,0
608,0
598,0
628,0
648,0
618,0
588,0
577,0
628,0
598,0
648,0
588,0
628,0
568,0
578,0
638,0
568,0
618,0
628,0
648,0
578,0
638,0
648,0
618,0
588,0
598,0
588,0
608,0
568,0
608,0
588,0
566,0
599,0
632,0
565,0
622,0
632,0
566,0
578,0
632,0
578,0
588,0
611,0
653,0
611,0
622,0
643,0
654,0
643,0
579,0
589,0
579,0
579,0
600,0
589,0
611,0
579,0
600,0
655,0
579,0
634,0
655,0
634,0
644,0
611,0
569,0
579,0
600,0
634,0
622,0
644,0
611,0
644,0
655,0
600,0
634,0
589,0
600,0
644,0
611,0
579,0
566,0
600,0
634,0
600,0
569,0
569,0
579,0
622,0
655,0
579,0
644,0
655,0
569,0
622,0
600,0
655,0
611,0
569,0
634,0
655,0
569,0
644,0
599,0
611,0
622,0
578,0
655,0
600,0
634,0
644,0
579,0
622,0
578,0
634,0
644,0
655,0
634,0
655,0
599,0
611,0
588,0
644,0
566,0
644,0
599,0
622,0
634,0
655,0
565,0
577,0
622,0
578,0
655,0
611,0
588,0
644,0
588,0
566,0
578,0
611,0
566,0
599,0
566,0
644,0
611,0
587,0
566,0
588,0
611,0
634,0
599,0
611,0
622,0
565,0
588,0
634,0
644,0
622,0
588,0
655,0
599,0
566,0
599,0
611,0
588,0
566,0
578,0
611,0
622,0
578,0
588,0
611,0
566,0
588,0
644,0
644,0
578,0
588,0
599,0
565,0
566,0
578,0
634,0
644,0
566,0
644,0
622,0
578,0
655,0
599,0
634,0
655,0
599,0
611,0
566,0
578,0
588,0
644,0
566,0
588,0
644,0
565,0
577,0
566,0
644,0
566,0
622,0
578,0
588,0
655,0
634,0
599,0
611,0
622,0
578,0
655,0
611,0
634,0
655,0
565,0
577,0
611,0
566,0
599,0
588,0
655,0
565,0
577,0
611,0
622,0
634,0
599,0
622,0
634,0
655,0
588,0
644,0
622,0
578,0
644,0
599,0
611,0
622,0
566,0
578,0
655,0
578,0
644,0
599,0
611,0
622,0
644,0
599,0
566,0
578,0
588,0
634,0
622,0
634,0
599,0
578,0
599,0
622,0
599,0
634,0
655,0
599,0
611,0
566,0
578,0
634,0
599,0
611,0
566,0
588,0
644,0
599,0
611,0
644,0
565,0
599,0
611,0
588,0
634,0
599,0
566,0
634,0
611,0
633,0
611,0
633,0
622,0
578,0
643,0
569,0
589,0
611,0
579,0
643,0
588,0
633,0
566,0
600,0
589,0
611,0
654,0
622,0
566,0
588,0
622,0
566,0
622,0
589,0
611,0
643,0
579,0
566,0
611,0
633,0
578,0
611,0
643,0
633,0
633,0
589,0
633,0
569,0
588,0
599,0
566,0
611,0
622,0
578,0
643,0
566,0
588,0
643,0
654,0
566,0
611,0
578,0
599,0
633,0
566,0
578,0
589,0
600,0
633,0
600,0
611,0
633,0
569,0
579,0
633,0
643,0
565,0
599,0
654,0
633,0
654,0
622,0
600,0
643,0
569,0
622,0
566,0
599,0
643,0
611,0
654,0
643,0
654,0
622,0
566,0
588,0
599,0
622,0
578,0
633,0
622,0
589,0
611,0
643,0
622,0
643,0
654,0
653,0
578,0
611,0
622,0
578,0
588,0
611,0
622,0
653,0
599,0
611,0
632,0
599,0
567,0
600,0
590,0
632,0
612,0
570,0
632,0
571,0
581,0
632,0
592,0
612,0
582,0
643,0
584,0
630,0
653,0
573,0
584,0
608,0
630,0
653,0
612,0
643,0
569,0
653,0
569,0
579,0
653,0
633,0
579,0
612,0
589,0
643,0
579,0
612,0
643,0
653,0
600,0
612,0
643,0
570,0
590,0
612,0
601,0
643,0
570,0
612,0
643,0
570,0
580,0
590,0
653,0
633,0
653,0
612,0
569,0
579,0
589,0
633,0
643,0
569,0
653,0
601,0
623,0
570,0
580,0
570,0
613,0
643,0
580,0
623,0
643,0
570,0
580,0
590,0
601,0
623,0
643,0
590,0
579,0
623,0
633,0
570,0
580,0
613,0
623,0
590,0
623,0
633,0
590,0
601,0
643,0
570,0
580,0
590,0
613,0
601,0
623,0
643,0
590,0
643,0
590,0
569,0
643,0
613,0
633,0
643,0
568,0
623,0
570,0
613,0
653,0
623,0
613,0
591,0
653,0
633,0
590,0
579,0
613,0
591,0
571,0
613,0
571,0
592,0
623,0
633,0
613,0
582,0
623,0
653,0
592,0
623,0
643,0
613,0
623,0
633,0
643,0
602,0
571,0
581,0
633,0
602,0
653,0
569,0
643,0
570,0
592,0
572,0
613,0
582,0
623,0
571,0
581,0
601,0
623,0
643,0
613,0
591,0
592,0
582,0
623,0
633,0
653,0
582,0
623,0
633,0
602,0
653,0
633,0
601,0
633,0
643,0
591,0
653,0
592,0
582,0
633,0
571,0
592,0
633,0
643,0
602,0
602,0
623,0
570,0
580,0
591,0
653,0
623,0
633,0
602,0
571,0
623,0
643,0
613,0
571,0
601,0
623,0
633,0
591,0
653,0
571,0
653,0
571,0
623,0
653,0
633,0
591,0
581,0
623,0
643,0
601,0
623,0
571,0
633,0
591,0
623,0
570,0
653,0
623,0
613,0
601,0
653,0
623,0
643,0
591,0
653,0
643,0
590,0
579,0
613,0
653,0
643,0
613,0
633,0
571,0
643,0
613,0
653,0
581,0
643,0
571,0
623,0
591,0
571,0
571,0
601,0
653,0
571,0
601,0
633,0
653,0
581,0
643,0
613,0
591,0
623,0
633,0
643,0
653,0
592,0
582,0
623,0
643,0
592,0
572,0
623,0
633,0
643,0
612,0
633,0
643,0
570,0
592,0
633,0
582,0
633,0
602,0
592,0
623,0
572,0
623,0
582,0
623,0
643,0
592,0
613,0
572,0
592,0
582,0
613,0
653,0
571,0
623,0
581,0
653,0
633,0
643,0
572,0
582,0
633,0
572,0
623,0
633,0
613,0
653,0
592,0
613,0
572,0
623,0
633,0
592,0
633,0
613,0
592,0
572,0
623,0
643,0
602,0
613,0
653,0
571,0
592,0
633,0
613,0
572,0
613,0
643,0
583,0
633,0
593,0
653,0
603,0
623,0
643,0
573,0
583,0
623,0
633,0
593,0
653,0
623,0
643,0
643,0
643,0
613,0
623,0
653,0
633,0
583,0
633,0
593,0
653,0
593,0
583,0
633,0
583,0
633,0
643,0
613,0
643,0
633,0
653,0
573,0
573,0
583,0
623,0
643,0
653,0
583,0
623,0
593,0
603,0
573,0
583,0
573,0
623,0
613,0
583,0
603,0
593,0
648,0
594,0
605,0
617,0
628,0
638,0
581,0
627,0
637,0
648,0
581,0
627,0
616,0
581,0
592,0
648,0
571,0
581,0
581,0
649,0
571,0
592,0
627,0
637,0
581,0
571,0
581,0
592,0
648,0
628,0
649,0
603,0
627,0
581,0
627,0
648,0
571,0
603,0
648,0
571,0
581,0
637,0
571,0
592,0
627,0
638,0
649,0
571,0
603,0
616,0
592,0
616,0
627,0
571,0
581,0
627,0
648,0
581,0
581,0
571,0
581,0
639,0
627,0
581,0
616,0
637,0
571,0
617,0
649,0
616,0
637,0
581,0
618,0
629,0
571,0
603,0
571,0
603,0
627,0
581,0
648,0
571,0
581,0
592,0
616,0
637,0
581,0
603,0
571,0
581,0
592,0
627,0
581,0
592,0
637,0
648,0
606,0
627,0
571,0
637,0
571,0
592,0
616,0
627,0
637,0
592,0
603,0
627,0
571,0
628,0
571,0
603,0
616,0
571,0
571,0
617,0
628,0
581,0
638,0
581,0
592,0
616,0
581,0
602,0
615,0
571,0
616,0
649,0
602,0
615,0
626,0
592,0
602,0
646,0
615,0
627,0
637,0
593,0
571,0
571,0
581,0
636,0
571,0
646,0
571,0
581,0
636,0
646,0
626,0
571,0
581,0
571,0
581,0
602,0
646,0
571,0
581,0
602,0
615,0
626,0
571,0
581,0
602,0
571,0
581,0
626,0
636,0
626,0
571,0
614,0
635,0
571,0
592,0
614,0
635,0
602,0
581,0
614,0
635,0
603,0
626,0
646,0
593,0
606,0
618,0
648,0
603,0
637,0
593,0
592,0
625,0
602,0
624,0
635,0
613,0
645,0
602,0
571,0
602,0
646,0
636,0
592,0
613,0
581,0
602,0
638,0
581,0
637,0
571,0
646,0
592,0
646,0
646,0
602,0
636,0
646,0
646,0
613,0
571,0
581,0
592,0
602,0
613,0
624,0
613,0
648,0
614,0
592,0
581,0
592,0
602,0
571,0
581,0
581,0
592,0
624,0
571,0
646,0
636,0
613,0
581,0
603,0
627,0
627,0
637,0
602,0
581,0
592,0
614,0
571,0
592,0
627,0
648,0
614,0
602,0
581,0
624,0
613,0
602,0
603,0
627,0
648,0
614,0
592,0
637,0
648,0
614,0
571,0
581,0
628,0
571,0
592,0
648,0
571,0
592,0
648,0
614,0
603,0
638,0
592,0
603,0
637,0
581,0
603,0
627,0
637,0
614,0
581,0
603,0
637,0
592,0
637,0
581,0
627,0
614,0
627,0
637,0
581,0
592,0
614,0
592,0
627,0
637,0
648,0
614,0
571,0
648,0
614,0
571,0
627,0
581,0
648,0
592,0
603,0
649,0
615,0
650,0
628,0
638,0
603,0
627,0
637,0
614,0
592,0
603,0
571,0
627,0
637,0
628,0
615,0
592,0
571,0
581,0
592,0
603,0
605,0
628,0
638,0
571,0
605,0
581,0
592,0
650,0
592,0
603,0
627,0
571,0
581,0
638,0
615,0
581,0
603,0
592,0
637,0
581,0
627,0
648,0
614,0
571,0
581,0
592,0
603,0
571,0
581,0
592,0
627,0
581,0
614,0
603,0
627,0
571,0
581,0
627,0
637,0
581,0
648,0
603,0
627,0
603,0
571,0
581,0
605,0
581,0
592,0
648,0
592,0
627,0
627,0
614,0
571,0
637,0
648,0
614,0
571,0
615,0
627,0
648,0
603,0
648,0
571,0
603,0
627,0
637,0
614,0
592,0
603,0
627,0
637,0
648,0
614,0
571,0
592,0
603,0
637,0
571,0
603,0
637,0
648,0
614,0
571,0
614,0
603,0
571,0
581,0
637,0
648,0
614,0
603,0
603,0
581,0
637,0
581,0
615,0
627,0
637,0
648,0
605,0
638,0
615,0
571,0
605,0
581,0
615,0
614,0
581,0
592,0
624,0
635,0
571,0
581,0
592,0
625,0
636,0
592,0
614,0
593,0
571,0
592,0
571,0
625,0
581,0
635,0
592,0
614,0
625,0
592,0
614,0
646,0
571,0
635,0
581,0
603,0
625,0
636,0
581,0
637,0
648,0
571,0
592,0
603,0
614,0
625,0
646,0
593,0
593,0
581,0
603,0
625,0
605,0
571,0
625,0
636,0
614,0
646,0
581,0
592,0
614,0
625,0
636,0
646,0
571,0
581,0
603,0
625,0
636,0
646,0
646,0
571,0
581,0
603,0
625,0
571,0
592,0
603,0
581,0
613,0
581,0
627,0
615,0
571,0
624,0
613,0
581,0
614,0
571,0
571,0
614,0
625,0
581,0
592,0
614,0
625,0
646,0
614,0
625,0
571,0
603,0
635,0
571,0
581,0
645,0
571,0
614,0
581,0
581,0
645,0
571,0
646,0
655,0
592,0
655,0
571,0
655,0
614,0
625,0
571,0
626,0
636,0
646,0
593,0
655,0
635,0
645,0
581,0
592,0
655,0
592,0
654,0
581,0
614,0
624,0
634,0
592,0
571,0
654,0
571,0
592,0
634,0
644,0
571,0
605,0
571,0
581,0
645,0
615,0
571,0
635,0
625,0
645,0
615,0
593,0
603,0
614,0
571,0
603,0
634,0
614,0
654,0
571,0
634,0
644,0
614,0
654,0
581,0
624,0
603,0
624,0
581,0
592,0
655,0
635,0
581,0
613,0
571,0
581,0
612,0
654,0
582,0
635,0
615,0
571,0
627,0
617,0
593,0
647,0
571,0
581,0
623,0
637,0
606,0
647,0
581,0
603,0
614,0
654,0
581,0
603,0
614,0
603,0
634,0
624,0
592,0
655,0
625,0
592,0
633,0
613,0
592,0
627,0
648,0
627,0
581,0
624,0
634,0
591,0
603,0
616,0
637,0
570,0
570,0
627,0
580,0
603,0
627,0
570,0
592,0
650,0
638,0
648,0
580,0
616,0
648,0
648,0
580,0
592,0
616,0
627,0
637,0
648,0
592,0
580,0
602,0
602,0
592,0
625,0
645,0
602,0
635,0
592,0
614,0
625,0
645,0
636,0
592,0
580,0
646,0
613,0
592,0
603,0
648,0
614,0
570,0
627,0
614,0
570,0
570,0
592,0
650,0
592,0
627,0
580,0
637,0
580,0
614,0
580,0
627,0
592,0
570,0
648,0
570,0
580,0
592,0
627,0
614,0
603,0
637,0
648,0
614,0
580,0
592,0
614,0
603,0
614,0
570,0
646,0
592,0
624,0
614,0
592,0
592,0
614,0
614,0
580,0
625,0
636,0
625,0
646,0
625,0
580,0
645,0
580,0
603,0
655,0
625,0
580,0
655,0
645,0
603,0
655,0
614,0
635,0
645,0
570,0
582,0
654,0
634,0
582,0
603,0
624,0
572,0
592,0
634,0
582,0
634,0
654,0
592,0
603,0
572,0
572,0
582,0
645,0
625,0
624,0
634,0
572,0
582,0
572,0
654,0
592,0
644,0
654,0
634,0
614,0
654,0
603,0
644,0
582,0
572,0
634,0
644,0
572,0
614,0
592,0
634,0
592,0
644,0
654,0
655,0
572,0
624,0
644,0
582,0
614,0
603,0
624,0
572,0
654,0
603,0
624,0
634,0
644,0
603,0
634,0
644,0
582,0
614,0
654,0
592,0
603,0
624,0
582,0
644,0
572,0
654,0
603,0
582,0
614,0
572,0
616,0
603,0
616,0
637,0
648,0
603,0
616,0
627,0
572,0
582,0
648,0
572,0
582,0
603,0
616,0
627,0
582,0
627,0
648,0
582,0
603,0
637,0
648,0
593,0
572,0
582,0
593,0
603,0
627,0
572,0
593,0
627,0
648,0
627,0
582,0
593,0
603,0
616,0
627,0
648,0
572,0
582,0
593,0
637,0
582,0
593,0
646,0
603,0
572,0
582,0
593,0
637,0
603,0
572,0
582,0
646,0
626,0
603,0
582,0
626,0
603,0
636,0
648,0
627,0
637,0
572,0
582,0
615,0
593,0
572,0
582,0
637,0
614,0
648,0
572,0
593,0
637,0
603,0
593,0
627,0
637,0
603,0
593,0
638,0
593,0
603,0
637,0
648,0
582,0
603,0
615,0
650,0
615,0
593,0
648,0
582,0
614,0
627,0
614,0
572,0
593,0
603,0
627,0
614,0
590,0
580,0
615,0
636,0
625,0
580,0
646,0
590,0
614,0
590,0
573,0
654,0
583,0
614,0
654,0
634,0
572,0
654,0
593,0
634,0
614,0
626,0
582,0
583,0
634,0
644,0
614,0
603,0
634,0
654,0
634,0
593,0
624,0
644,0
654,0
644,0
614,0
654,0
593,0
573,0
644,0
614,0
654,0
583,0
603,0
655,0
634,0
644,0
614,0
655,0
625,0
635,0
583,0
634,0
644,0
654,0
573,0
583,0
624,0
603,0
634,0
644,0
603,0
625,0
591,0
603,0
591,0
634,0
644,0
572,0
614,0
654,0
593,0
573,0
583,0
644,0
603,0
624,0
634,0
654,0
593,0
603,0
593,0
603,0
614,0
654,0
603,0
583,0
603,0
624,0
634,0
593,0
583,0
634,0
603,0
624,0
644,0
593,0
624,0
654,0
603,0
624,0
634,0
644,0
654,0
573,0
583,0
644,0
614,0
654,0
593,0
624,0
634,0
614,0
593,0
644,0
654,0
644,0
572,0
614,0
634,0
614,0
573,0
634,0
603,0
614,0
654,0
624,0
572,0
582,0
614,0
593,0
573,0
583,0
634,0
593,0
583,0
624,0
634,0
582,0
614,0
603,0
654,0
593,0
603,0
624,0
614,0
654,0
644,0
614,0
583,0
624,0
634,0
644,0
614,0
654,0
644,0
572,0
582,0
603,0
624,0
634,0
572,0
603,0
573,0
583,0
614,0
593,0
583,0
634,0
614,0
583,0
634,0
614,0
654,0
573,0
583,0
644,0
633,0
593,0
603,0
583,0
644,0
593,0
613,0
638,0
627,0
570,0
580,0
616,0
648,0
590,0
602,0
616,0
648,0
602,0
570,0
627,0
648,0
602,0
616,0
627,0
570,0
580,0
602,0
583,0
594,0
573,0
583,0
648,0
583,0
616,0
627,0
572,0
583,0
594,0
616,0
573,0
583,0
605,0
616,0
627,0
573,0
583,0
594,0
627,0
648,0
595,0
606,0
584,0
595,0
584,0
595,0
649,0
584,0
595,0
606,0
616,0
649,0
584,0
583,0
629,0
639,0
616,0
606,0
629,0
639,0
584,0
616,0
639,0
639,0
605,0
583,0
594,0
616,0
583,0
629,0
594,0
595,0
629,0
574,0
616,0
629,0
639,0
574,0
606,0
629,0
574,0
584,0
594,0
595,0
606,0
639,0
574,0
573,0
629,0
584,0
616,0
629,0
639,0
650,0
616,0
606,0
594,0
595,0
574,0
629,0
650,0
595,0
639,0
584,0
606,0
650,0
639,0
582,0
605,0
629,0
639,0
616,0
574,0
616,0
629,0
651,0
616,0
639,0
574,0
629,0
639,0
629,0
582,0
629,0
650,0
594,0
573,0
606,0
650,0
650,0
616,0
573,0
616,0
606,0
629,0
594,0
650,0
594,0
606,0
639,0
639,0
616,0
582,0
606,0
629,0
639,0
616,0
606,0
629,0
650,0
594,0
629,0
572,0
639,0
594,0
616,0
639,0
651,0
583,0
639,0
650,0
594,0
606,0
582,0
616,0
650,0
573,0
639,0
594,0
594,0
583,0
583,0
639,0
650,0
629,0
582,0
616,0
639,0
606,0
629,0
616,0
573,0
583,0
650,0
594,0
616,0
573,0
583,0
629,0
639,0
573,0
606,0
629,0
639,0
650,0
573,0
639,0
650,0
629,0
573,0
583,0
639,0
650,0
616,0
583,0
629,0
650,0
616,0
650,0
594,0
594,0
573,0
583,0
606,0
573,0
583,0
606,0
639,0
594,0
650,0
573,0
594,0
649,0
628,0
573,0
628,0
638,0
616,0
573,0
583,0
649,0
616,0
594,0
628,0
638,0
606,0
638,0
595,0
606,0
574,0
582,0
638,0
649,0
616,0
606,0
572,0
582,0
583,0
638,0
628,0
583,0
594,0
628,0
583,0
616,0
583,0
606,0
572,0
573,0
583,0
594,0
616,0
594,0
638,0
616,0
606,0
628,0
573,0
616,0
638,0
649,0
574,0
649,0
594,0
638,0
574,0
616,0
638,0
593,0
616,0
594,0
628,0
606,0
628,0
638,0
606,0
649,0
574,0
584,0
616,0
573,0
594,0
638,0
649,0
616,0
573,0
606,0
638,0
649,0
628,0
649,0
595,0
606,0
628,0
649,0
574,0
584,0
616,0
606,0
594,0
616,0
628,0
574,0
648,0
573,0
595,0
584,0
616,0
637,0
648,0
573,0
616,0
648,0
606,0
583,0
627,0
573,0
627,0
637,0
582,0
616,0
627,0
594,0
648,0
583,0
594,0
627,0
606,0
572,0
616,0
627,0
573,0
606,0
594,0
647,0
616,0
627,0
572,0
647,0
616,0
637,0
583,0
616,0
583,0
606,0
594,0
606,0
594,0
606,0
647,0
573,0
573,0
583,0
627,0
647,0
616,0
594,0
627,0
573,0
606,0
616,0
583,0
606,0
647,0
573,0
583,0
616,0
637,0
636,0
626,0
616,0
583,0
626,0
646,0
606,0
626,0
646,0
583,0
594,0
626,0
646,0
595,0
606,0
636,0
584,0
573,0
626,0
583,0
636,0
594,0
573,0
583,0
606,0
626,0
594,0
626,0
573,0
626,0
636,0
646,0
572,0
605,0
573,0
583,0
594,0
636,0
583,0
606,0
626,0
636,0
646,0
584,0
594,0
626,0
636,0
646,0
574,0
584,0
646,0
574,0
594,0
646,0
616,0
594,0
636,0
616,0
594,0
606,0
594,0
636,0
574,0
636,0
594,0
636,0
646,0
606,0
594,0
646,0
574,0
636,0
626,0
646,0
594,0
584,0
606,0
594,0
636,0
574,0
646,0
584,0
616,0
626,0
636,0
646,0
646,0
626,0
616,0
636,0
646,0
574,0
646,0
574,0
584,0
594,0
616,0
583,0
626,0
626,0
646,0
574,0
573,0
626,0
593,0
606,0
636,0
616,0
606,0
636,0
616,0
594,0
636,0
574,0
606,0
626,0
636,0
626,0
646,0
606,0
646,0
574,0
573,0
627,0
583,0
648,0
594,0
615,0
637,0
583,0
627,0
605,0
615,0
594,0
615,0
648,0
573,0
627,0
648,0
605,0
615,0
600,0
614,0
569,0
637,0
648,0
580,0
637,0
601,0
600,0
627,0
648,0
579,0
648,0
614,0
580,0
593,0
582,0
615,0
637,0
582,0
605,0
582,0
593,0
648,0
583,0
615,0
593,0
637,0
572,0
627,0
637,0
583,0
605,0
627,0
582,0
594,0
593,0
648,0
572,0
593,0
627,0
615,0
593,0
627,0
605,0
572,0
637,0
593,0
648,0
627,0
615,0
627,0
582,0
627,0
593,0
648,0
648,0
573,0
583,0
615,0
627,0
648,0
615,0
593,0
572,0
582,0
593,0
637,0
605,0
637,0
615,0
637,0
594,0
605,0
648,0
582,0
594,0
637,0
648,0
605,0
627,0
582,0
593,0
627,0
572,0
572,0
615,0
627,0
615,0
593,0
637,0
593,0
637,0
572,0
605,0
637,0
648,0
637,0
595,0
617,0
647,0
607,0
572,0
582,0
617,0
637,0
573,0
606,0
617,0
627,0
637,0
584,0
637,0
573,0
617,0
637,0
574,0
584,0
595,0
627,0
637,0
594,0
617,0
627,0
637,0
595,0
617,0
574,0
584,0
647,0
607,0
627,0
595,0
647,0
607,0
627,0
617,0
607,0
573,0
594,0
617,0
637,0
594,0
627,0
617,0
584,0
607,0
617,0
584,0
594,0
580,0
590,0
626,0
637,0
648,0
566,0
580,0
590,0
615,0
615,0
579,0
615,0
626,0
648,0
590,0
624,0
570,0
580,0
573,0
583,0
638,0
605,0
638,0
615,0
648,0
617,0
595,0
638,0
607,0
648,0
595,0
584,0
607,0
648,0
573,0
638,0
648,0
617,0
628,0
638,0
584,0
648,0
617,0
638,0
584,0
617,0
574,0
595,0
607,0
628,0
638,0
574,0
584,0
607,0
648,0
638,0
574,0
648,0
573,0
617,0
607,0
648,0
628,0
574,0
594,0
628,0
638,0
606,0
618,0
638,0
593,0
648,0
573,0
618,0
595,0
618,0
628,0
573,0
583,0
606,0
628,0
648,0
606,0
638,0
583,0
583,0
606,0
618,0
629,0
639,0
650,0
618,0
595,0
618,0
629,0
639,0
606,0
573,0
583,0
573,0
595,0
629,0
639,0
650,0
618,0
595,0
618,0
639,0
573,0
583,0
618,0
629,0
573,0
595,0
629,0
650,0
584,0
596,0
608,0
619,0
640,0
583,0
639,0
650,0
573,0
595,0
618,0
629,0
583,0
618,0
639,0
583,0
606,0
650,0
583,0
618,0
629,0
573,0
606,0
618,0
650,0
573,0
596,0
630,0
651,0
573,0
639,0
650,0
629,0
583,0
573,0
606,0
583,0
606,0
595,0
583,0
606,0
639,0
573,0
619,0
651,0
573,0
606,0
629,0
573,0
606,0
583,0
606,0
583,0
595,0
606,0
629,0
650,0
629,0
583,0
595,0
650,0
606,0
639,0
629,0
639,0
650,0
583,0
639,0
573,0
618,0
629,0
619,0
630,0
595,0
618,0
639,0
573,0
583,0
595,0
606,0
618,0
584,0
596,0
640,0
606,0
639,0
650,0
573,0
583,0
595,0
629,0
639,0
650,0
595,0
618,0
629,0
639,0
650,0
618,0
573,0
594,0
605,0
617,0
628,0
638,0
639,0
584,0
583,0
617,0
638,0
629,0
573,0
618,0
639,0
650,0
594,0
605,0
649,0
605,0
617,0
638,0
606,0
629,0
583,0
605,0
617,0
628,0
606,0
618,0
629,0
573,0
649,0
573,0
594,0
638,0
615,0
583,0
605,0
615,0
573,0
594,0
605,0
638,0
649,0
594,0
638,0
649,0
583,0
594,0
615,0
605,0
649,0
594,0
628,0
638,0
649,0
615,0
649,0
583,0
638,0
583,0
628,0
573,0
584,0
630,0
651,0
638,0
617,0
640,0
573,0
595,0
617,0
584,0
630,0
640,0
573,0
595,0
573,0
595,0
617,0
607,0
640,0
640,0
584,0
651,0
573,0
595,0
607,0
595,0
630,0
630,0
640,0
651,0
650,0
617,0
617,0
607,0
629,0
594,0
617,0
639,0
650,0
594,0
617,0
607,0
573,0
607,0
639,0
617,0
607,0
595,0
629,0
650,0
607,0
605,0
615,0
626,0
573,0
646,0
573,0
583,0
615,0
594,0
615,0
636,0
594,0
605,0
615,0
635,0
645,0
625,0
645,0
615,0
583,0
635,0
594,0
573,0
629,0
639,0
583,0
645,0
625,0
635,0
645,0
605,0
593,0
583,0
625,0
573,0
635,0
594,0
605,0
615,0
645,0
594,0
605,0
645,0
615,0
655,0
645,0
615,0
573,0
583,0
625,0
645,0
573,0
583,0
635,0
645,0
635,0
605,0
615,0
593,0
573,0
655,0
593,0
625,0
605,0
583,0
655,0
645,0
573,0
605,0
583,0
635,0
645,0
615,0
583,0
655,0
593,0
573,0
583,0
655,0
625,0
645,0
605,0
635,0
645,0
573,0
615,0
593,0
635,0
605,0
593,0
573,0
583,0
635,0
605,0
593,0
605,0
573,0
605,0
584,0
625,0
594,0
615,0
584,0
655,0
635,0
645,0
615,0
605,0
615,0
584,0
573,0
573,0
624,0
644,0
654,0
654,0
595,0
606,0
618,0
650,0
583,0
605,0
583,0
572,0
625,0
605,0
593,0
606,0
639,0
582,0
629,0
651,0
606,0
629,0
618,0
639,0
572,0
639,0
572,0
595,0
606,0
618,0
650,0
584,0
595,0
629,0
650,0
618,0
584,0
639,0
574,0
595,0
618,0
629,0
639,0
595,0
639,0
574,0
606,0
584,0
595,0
606,0
649,0
574,0
584,0
595,0
606,0
574,0
584,0
595,0
617,0
628,0
638,0
649,0
574,0
617,0
628,0
649,0
618,0
574,0
595,0
606,0
617,0
574,0
584,0
595,0
649,0
606,0
649,0
574,0
584,0
617,0
584,0
630,0
640,0
607,0
617,0
595,0
574,0
630,0
640,0
584,0
640,0
595,0
584,0
630,0
595,0
584,0
640,0
651,0
607,0
574,0
640,0
607,0
595,0
584,0
630,0
651,0
617,0
584,0
630,0
651,0
640,0
607,0
584,0
574,0
607,0
617,0
651,0
584,0
630,0
651,0
595,0
630,0
651,0
595,0
630,0
584,0
630,0
651,0
630,0
640,0
651,0
640,0
651,0
607,0
630,0
595,0
651,0
574,0
584,0
630,0
651,0
595,0
584,0
651,0
617,0
607,0
617,0
574,0
584,0
630,0
640,0
630,0
651,0
595,0
607,0
617,0
630,0
640,0
651,0
630,0
640,0
574,0
617,0
617,0
584,0
651,0
595,0
630,0
595,0
651,0
617,0
630,0
574,0
630,0
640,0
630,0
640,0
595,0
617,0
595,0
639,0
574,0
639,0
650,0
584,0
617,0
629,0
650,0
574,0
629,0
617,0
607,0
595,0
574,0
595,0
574,0
584,0
639,0
617,0
574,0
629,0
617,0
584,0
607,0
595,0
650,0
574,0
607,0
617,0
574,0
618,0
584,0
608,0
651,0
617,0
607,0
629,0
639,0
607,0
595,0
639,0
584,0
629,0
650,0
584,0
639,0
650,0
574,0
607,0
595,0
584,0
629,0
584,0
608,0
629,0
574,0
617,0
574,0
584,0
628,0
649,0
618,0
649,0
574,0
584,0
629,0
582,0
618,0
582,0
629,0
572,0
582,0
629,0
615,0
629,0
650,0
617,0
639,0
572,0
594,0
639,0
582,0
650,0
582,0
638,0
593,0
650,0
628,0
638,0
566,0
644,0
566,0
635,0
566,0
625,0
635,0
566,0
589,0
625,0
602,0
636,0
578,0
588,0
566,0
578,0
601,0
645,0
634,0
644,0
600,0
612,0
655,0
600,0
612,0
624,0
634,0
566,0
588,0
624,0
588,0
600,0
612,0
624,0
634,0
625,0
646,0
578,0
566,0
578,0
588,0
600,0
624,0
588,0
644,0
578,0
634,0
578,0
612,0
644,0
655,0
566,0
588,0
600,0
612,0
566,0
578,0
600,0
624,0
578,0
588,0
624,0
588,0
612,0
578,0
612,0
624,0
566,0
588,0
566,0
600,0
614,0
566,0
614,0
626,0
636,0
566,0
614,0
625,0
588,0
600,0
635,0
645,0
566,0
566,0
614,0
635,0
645,0
578,0
566,0
578,0
588,0
634,0
566,0
588,0
612,0
644,0
655,0
566,0
578,0
624,0
655,0
566,0
644,0
655,0
566,0
588,0
626,0
636,0
600,0
566,0
578,0
578,0
634,0
644,0
566,0
578,0
578,0
588,0
600,0
612,0
644,0
578,0
634,0
600,0
645,0
566,0
578,0
624,0
634,0
655,0
566,0
589,0
601,0
625,0
646,0
578,0
588,0
624,0
655,0
566,0
566,0
578,0
645,0
578,0
588,0
600,0
612,0
578,0
601,0
578,0
588,0
624,0
655,0
588,0
611,0
566,0
578,0
623,0
633,0
654,0
578,0
643,0
654,0
566,0
588,0
611,0
643,0
589,0
578,0
588,0
623,0
566,0
588,0
643,0
566,0
599,0
643,0
578,0
611,0
600,0
634,0
655,0
588,0
611,0
633,0
566,0
643,0
654,0
578,0
588,0
633,0
633,0
654,0
566,0
588,0
599,0
643,0
578,0
599,0
566,0
599,0
623,0
654,0
633,0
654,0
588,0
578,0
588,0
633,0
589,0
623,0
633,0
643,0
588,0
599,0
578,0
600,0
623,0
578,0
589,0
566,0
578,0
600,0
612,0
589,0
612,0
600,0
646,0
613,0
589,0
600,0
589,0
623,0
566,0
589,0
612,0
566,0
612,0
655,0
623,0
578,0
635,0
588,0
655,0
566,0
578,0
578,0
634,0
644,0
623,0
566,0
612,0
634,0
612,0
634,0
600,0
634,0
644,0
566,0
624,0
612,0
624,0
634,0
644,0
578,0
600,0
624,0
655,0
578,0
588,0
624,0
634,0
655,0
644,0
588,0
565,0
643,0
588,0
565,0
623,0
612,0
634,0
589,0
613,0
634,0
589,0
614,0
588,0
600,0
644,0
612,0
577,0
612,0
634,0
634,0
600,0
624,0
644,0
655,0
588,0
634,0
565,0
624,0
588,0
565,0
588,0
600,0
644,0
565,0
624,0
655,0
612,0
644,0
612,0
644,0
655,0
645,0
577,0
612,0
624,0
644,0
655,0
634,0
655,0
565,0
588,0
635,0
645,0
623,0
655,0
565,0
634,0
565,0
599,0
623,0
600,0
655,0
589,0
624,0
600,0
644,0
579,0
612,0
644,0
655,0
589,0
589,0
600,0
612,0
624,0
655,0
569,0
600,0
589,0
579,0
634,0
569,0
600,0
655,0
655,0
589,0
579,0
600,0
612,0
624,0
589,0
579,0
612,0
643,0
579,0
579,0
600,0
589,0
643,0
633,0
643,0
569,0
579,0
624,0
569,0
613,0
612,0
623,0
643,0
654,0
579,0
643,0
579,0
600,0
612,0
589,0
645,0
569,0
612,0
569,0
569,0
579,0
623,0
600,0
645,0
623,0
579,0
569,0
579,0
600,0
612,0
635,0
569,0
579,0
612,0
569,0
612,0
635,0
645,0
569,0
600,0
612,0
612,0
635,0
623,0
612,0
589,0
645,0
623,0
600,0
589,0
623,0
569,0
579,0
569,0
589,0
645,0
569,0
589,0
645,0
600,0
645,0
569,0
600,0
612,0
623,0
600,0
612,0
635,0
645,0
600,0
612,0
589,0
635,0
645,0
645,0
623,0
579,0
613,0
600,0
645,0
623,0
600,0
645,0
569,0
623,0
569,0
579,0
569,0
579,0
612,0
645,0
623,0
569,0
612,0
645,0
623,0
645,0
579,0
635,0
579,0
589,0
569,0
645,0
600,0
589,0
645,0
579,0
600,0
612,0
589,0
645,0
635,0
645,0
569,0
635,0
645,0
635,0
569,0
623,0
569,0
645,0
579,0
589,0
635,0
623,0
612,0
579,0
600,0
589,0
579,0
589,0
645,0
612,0
635,0
623,0
589,0
635,0
645,0
569,0
589,0
635,0
600,0
589,0
645,0
589,0
600,0
579,0
623,0
569,0
579,0
612,0
623,0
569,0
579,0
612,0
600,0
655,0
589,0
634,0
589,0
623,0
569,0
579,0
623,0
569,0
579,0
600,0
589,0
579,0
644,0
655,0
644,0
589,0
623,0
600,0
644,0
623,0
612,0
623,0
569,0
634,0
589,0
623,0
612,0
644,0
655,0
589,0
600,0
634,0
589,0
569,0
579,0
600,0
655,0
600,0
623,0
612,0
634,0
644,0
589,0
623,0
569,0
579,0
612,0
612,0
569,0
579,0
634,0
623,0
579,0
600,0
612,0
589,0
655,0
600,0
612,0
634,0
644,0
600,0
589,0
623,0
569,0
579,0
644,0
612,0
623,0
579,0
612,0
589,0
634,0
569,0
579,0
612,0
654,0
600,0
612,0
643,0
600,0
589,0
569,0
580,0
569,0
613,0
623,0
643,0
654,0
580,0
613,0
600,0
569,0
613,0
634,0
655,0
634,0
565,0
570,0
580,0
601,0
580,0
590,0
612,0
634,0
601,0
570,0
580,0
590,0
635,0
623,0
635,0
612,0
635,0
645,0
623,0
590,0
569,0
635,0
623,0
590,0
612,0
601,0
570,0
601,0
645,0
623,0
590,0
635,0
612,0
601,0
570,0
635,0
645,0
580,0
612,0
635,0
645,0
570,0
601,0
612,0
645,0
623,0
580,0
590,0
580,0
601,0
601,0
623,0
612,0
601,0
645,0
590,0
635,0
623,0
590,0
635,0
623,0
590,0
645,0
623,0
635,0
570,0
635,0
570,0
580,0
590,0
655,0
570,0
590,0
634,0
655,0
634,0
655,0
601,0
623,0
612,0
644,0
570,0
612,0
590,0
601,0
570,0
580,0
590,0
612,0
623,0
570,0
601,0
623,0
654,0
590,0
624,0
634,0
570,0
580,0
644,0
655,0
601,0
580,0
644,0
570,0
590,0
590,0
613,0
601,0
590,0
613,0
624,0
570,0
636,0
624,0
624,0
601,0
590,0
590,0
602,0
613,0
624,0
601,0
636,0
613,0
601,0
636,0
646,0
636,0
569,0
613,0
590,0
636,0
646,0
613,0
624,0
570,0
580,0
590,0
569,0
590,0
579,0
590,0
646,0
613,0
601,0
569,0
570,0
580,0
590,0
624,0
570,0
636,0
646,0
613,0
570,0
636,0
646,0
613,0
624,0
570,0
646,0
636,0
579,0
624,0
646,0
613,0
624,0
590,0
646,0
601,0
590,0
570,0
590,0
636,0
646,0
569,0
580,0
613,0
624,0
569,0
570,0
590,0
624,0
636,0
590,0
570,0
580,0
613,0
601,0
580,0
613,0
624,0
580,0
646,0
570,0
580,0
590,0
646,0
570,0
590,0
624,0
646,0
590,0
646,0
613,0
570,0
580,0
590,0
636,0
646,0
613,0
570,0
580,0
624,0
601,0
570,0
590,0
636,0
646,0
570,0
590,0
646,0
636,0
646,0
624,0
601,0
570,0
646,0
590,0
636,0
646,0
613,0
570,0
636,0
601,0
601,0
624,0
624,0
601,0
570,0
636,0
646,0
613,0
624,0
590,0
646,0
613,0
601,0
636,0
601,0
580,0
646,0
624,0
569,0
590,0
613,0
624,0
635,0
570,0
580,0
624,0
645,0
580,0
590,0
590,0
569,0
570,0
590,0
570,0
580,0
624,0
590,0
601,0
645,0
590,0
580,0
624,0
601,0
590,0
645,0
580,0
590,0
624,0
580,0
624,0
590,0
645,0
613,0
601,0
570,0
613,0
601,0
613,0
601,0
570,0
624,0
635,0
601,0
570,0
590,0
601,0
580,0
601,0
645,0
613,0
645,0
580,0
624,0
645,0
580,0
624,0
645,0
580,0
613,0
601,0
580,0
590,0
635,0
570,0
590,0
624,0
635,0
645,0
580,0
590,0
624,0
590,0
613,0
580,0
635,0
645,0
570,0
624,0
635,0
590,0
613,0
635,0
645,0
580,0
590,0
580,0
634,0
644,0
601,0
570,0
624,0
655,0
601,0
613,0
644,0
655,0
601,0
570,0
580,0
624,0
580,0
634,0
590,0
644,0
570,0
590,0
624,0
654,0
590,0
613,0
634,0
601,0
654,0
570,0
580,0
613,0
654,0
580,0
613,0
644,0
601,0
614,0
654,0
580,0
590,0
634,0
644,0
601,0
644,0
584,0
654,0
574,0
624,0
634,0
574,0
584,0
584,0
624,0
644,0
594,0
654,0
574,0
624,0
644,0
594,0
614,0
574,0
644,0
654,0
584,0
614,0
634,0
614,0
645,0
594,0
584,0
624,0
614,0
574,0
644,0
614,0
574,0
624,0
644,0
594,0
584,0
634,0
594,0
654,0
614,0
584,0
644,0
614,0
594,0
574,0
584,0
614,0
594,0
584,0
594,0
634,0
584,0
624,0
634,0
644,0
614,0
654,0
624,0
574,0
634,0
614,0
584,0
624,0
654,0
634,0
654,0
624,0
614,0
594,0
654,0
624,0
644,0
574,0
614,0
654,0
584,0
577,0
587,0
611,0
633,0
577,0
623,0
572,0
582,0
635,0
645,0
572,0
615,0
593,0
655,0
582,0
635,0
605,0
615,0
655,0
605,0
593,0
582,0
645,0
605,0
615,0
593,0
582,0
625,0
635,0
635,0
593,0
655,0
625,0
593,0
655,0
625,0
645,0
605,0
625,0
635,0
594,0
584,0
625,0
645,0
584,0
594,0
655,0
635,0
645,0
655,0
605,0
655,0
645,0
615,0
584,0
655,0
645,0
615,0
574,0
574,0
655,0
635,0
645,0
615,0
645,0
615,0
574,0
584,0
655,0
625,0
635,0
645,0
625,0
645,0
584,0
645,0
574,0
655,0
625,0
645,0
594,0
574,0
582,0
615,0
655,0
625,0
645,0
635,0
645,0
605,0
615,0
593,0
582,0
645,0
593,0
655,0
594,0
584,0
655,0
574,0
655,0
625,0
574,0
635,0
605,0
615,0
574,0
584,0
625,0
594,0
615,0
584,0
655,0
574,0
584,0
625,0
605,0
615,0
574,0
625,0
645,0
594,0
594,0
605,0
655,0
635,0
635,0
594,0
594,0
605,0
584,0
635,0
645,0
594,0
615,0
584,0
625,0
605,0
655,0
574,0
635,0
605,0
615,0
655,0
635,0
615,0
655,0
615,0
574,0
584,0
572,0
582,0
638,0
649,0
628,0
582,0
617,0
605,0
628,0
572,0
649,0
582,0
594,0
638,0
572,0
572,0
594,0
617,0
638,0
572,0
582,0
594,0
617,0
582,0
605,0
638,0
584,0
608,0
594,0
605,0
628,0
605,0
617,0
572,0
594,0
605,0
649,0
572,0
582,0
582,0
582,0
594,0
605,0
628,0
594,0
617,0
628,0
582,0
594,0
628,0
638,0
649,0
617,0
628,0
638,0
649,0
582,0
605,0
649,0
628,0
649,0
594,0
605,0
628,0
638,0
649,0
572,0
628,0
638,0
649,0
649,0
582,0
628,0
638,0
572,0
628,0
605,0
628,0
582,0
594,0
617,0
572,0
617,0
638,0
572,0
594,0
649,0
582,0
582,0
605,0
617,0
628,0
638,0
617,0
628,0
628,0
649,0
605,0
617,0
649,0
638,0
649,0
617,0
628,0
638,0
572,0
582,0
594,0
628,0
649,0
615,0
582,0
628,0
649,0
615,0
572,0
582,0
605,0
638,0
615,0
572,0
582,0
649,0
593,0
582,0
628,0
649,0
615,0
593,0
572,0
649,0
572,0
594,0
605,0
649,0
582,0
628,0
593,0
582,0
605,0
628,0
638,0
615,0
572,0
649,0
593,0
582,0
572,0
593,0
582,0
593,0
582,0
605,0
638,0
615,0
572,0
582,0
628,0
638,0
649,0
593,0
605,0
605,0
638,0
615,0
593,0
638,0
649,0
615,0
593,0
638,0
593,0
605,0
638,0
572,0
628,0
593,0
605,0
605,0
628,0
628,0
605,0
628,0
638,0
615,0
593,0
572,0
582,0
638,0
572,0
649,0
615,0
572,0
582,0
649,0
615,0
593,0
605,0
649,0
615,0
593,0
615,0
638,0
593,0
572,0
628,0
638,0
593,0
582,0
572,0
628,0
649,0
615,0
572,0
638,0
593,0
649,0
615,0
593,0
638,0
636,0
572,0
636,0
646,0
593,0
582,0
614,0
636,0
646,0
593,0
582,0
625,0
572,0
636,0
593,0
572,0
582,0
626,0
646,0
572,0
593,0
626,0
615,0
626,0
605,0
615,0
626,0
593,0
615,0
626,0
646,0
572,0
582,0
615,0
593,0
572,0
582,0
625,0
605,0
646,0
593,0
635,0
645,0
579,0
589,0
614,0
625,0
645,0
569,0
589,0
601,0
625,0
625,0
569,0
579,0
601,0
614,0
601,0
625,0
625,0
635,0
645,0
569,0
589,0
601,0
645,0
589,0
601,0
625,0
614,0
625,0
635,0
569,0
601,0
645,0
579,0
635,0
589,0
614,0
625,0
635,0
569,0
601,0
614,0
625,0
614,0
645,0
569,0
635,0
614,0
614,0
569,0
601,0
569,0
579,0
635,0
645,0
601,0
601,0
645,0
589,0
601,0
569,0
625,0
601,0
569,0
614,0
625,0
645,0
569,0
579,0
589,0
614,0
635,0
614,0
645,0
569,0
635,0
625,0
579,0
614,0
569,0
579,0
569,0
589,0
625,0
635,0
579,0
589,0
625,0
579,0
615,0
626,0
589,0
645,0
579,0
625,0
645,0
601,0
635,0
569,0
601,0
636,0
601,0
625,0
635,0
589,0
614,0
645,0
589,0
635,0
569,0
579,0
601,0
614,0
579,0
645,0
570,0
580,0
645,0
614,0
625,0
635,0
645,0
580,0
635,0
580,0
614,0
570,0
614,0
570,0
601,0
614,0
625,0
601,0
590,0
569,0
570,0
580,0
614,0
645,0
590,0
645,0
580,0
614,0
635,0
570,0
580,0
590,0
625,0
635,0
580,0
646,0
590,0
614,0
635,0
590,0
601,0
614,0
625,0
570,0
601,0
645,0
570,0
580,0
601,0
580,0
626,0
601,0
614,0
625,0
635,0
580,0
590,0
580,0
590,0
569,0
645,0
570,0
590,0
645,0
625,0
594,0
615,0
584,0
570,0
626,0
599,0
611,0
633,0
565,0
599,0
643,0
599,0
654,0
565,0
577,0
565,0
577,0
587,0
623,0
633,0
643,0
587,0
599,0
611,0
623,0
654,0
623,0
565,0
654,0
577,0
587,0
611,0
623,0
633,0
654,0
565,0
577,0
623,0
654,0
599,0
643,0
587,0
599,0
611,0
623,0
633,0
587,0
577,0
643,0
565,0
577,0
599,0
565,0
577,0
611,0
623,0
565,0
643,0
654,0
587,0
633,0
611,0
623,0
643,0
654,0
599,0
611,0
623,0
633,0
643,0
577,0
654,0
599,0
623,0
654,0
599,0
633,0
599,0
611,0
623,0
565,0
577,0
587,0
623,0
643,0
587,0
654,0
577,0
599,0
633,0
643,0
654,0
565,0
577,0
623,0
633,0
654,0
587,0
623,0
580,0
615,0
570,0
636,0
615,0
636,0
570,0
570,0
580,0
615,0
626,0
636,0
626,0
636,0
580,0
646,0
615,0
636,0
615,0
636,0
590,0
570,0
602,0
615,0
626,0
580,0
615,0
626,0
636,0
590,0
602,0
570,0
615,0
570,0
580,0
646,0
590,0
602,0
626,0
570,0
590,0
615,0
626,0
646,0
615,0
636,0
646,0
580,0
646,0
602,0
646,0
590,0
615,0
626,0
570,0
580,0
626,0
615,0
570,0
602,0
636,0
580,0
590,0
626,0
646,0
646,0
590,0
602,0
615,0
626,0
646,0
580,0
590,0
615,0
646,0
646,0
570,0
580,0
590,0
602,0
626,0
590,0
626,0
646,0
615,0
570,0
626,0
590,0
615,0
636,0
646,0
570,0
636,0
570,0
590,0
615,0
626,0
636,0
569,0
615,0
626,0
579,0
636,0
646,0
569,0
646,0
615,0
579,0
646,0
569,0
574,0
584,0
608,0
651,0
608,0
619,0
651,0
584,0
608,0
619,0
651,0
630,0
630,0
608,0
619,0
640,0
608,0
619,0
584,0
608,0
619,0
630,0
596,0
608,0
584,0
584,0
608,0
619,0
584,0
608,0
651,0
574,0
619,0
640,0
651,0
596,0
630,0
651,0
608,0
596,0
630,0
596,0
651,0
584,0
608,0
630,0
640,0
619,0
574,0
584,0
640,0
584,0
608,0
630,0
640,0
574,0
596,0
619,0
630,0
640,0
651,0
574,0
596,0
608,0
619,0
596,0
608,0
640,0
619,0
596,0
608,0
619,0
630,0
574,0
596,0
608,0
640,0
596,0
619,0
651,0
608,0
584,0
584,0
608,0
619,0
574,0
619,0
651,0
619,0
630,0
640,0
